#
# A fatal error has been detected by the Java Runtime Environment:
#
#  SIGSEGV (0xb) at pc=0x00007f7cba7473bf, pid=381336, tid=381368
#
# JRE version: OpenJDK Runtime Environment JBR-25.0.4+1-508.27-nomod (25.0.4+1) (build 25.0.4+1-b508.27)
# Java VM: OpenJDK 64-Bit Server VM JBR-25.0.4+1-508.27-nomod (25.0.4+1-b508.27, mixed mode, sharing, tiered, compressed oops, compressed class ptrs, g1 gc, linux-amd64)
# Problematic frame:
# C  [libskiko-linux-x64.so+0x1473bf]  SkCanvas::restore()+0xf
#
# Core dump will be written. Default location: Determined by the following: "/usr/lib/systemd/systemd-coredump %P %u %g %s %t %c %h %d %F" (alternatively, falling back to /home/mahalo/repos/viveHub/multiplataform-vive/desktopApp/core.381336)
#
# If you would like to submit a bug report, please visit:
#   https://youtrack.jetbrains.com/issues/JBR
# The crash happened outside the Java Virtual Machine in native code.
# See problematic frame for where to report the bug.
#

---------------  S U M M A R Y ------------

Command Line: -Dcompose.application.configure.swing.globals=true -Dcompose.application.resources.dir=/home/mahalo/repos/viveHub/multiplataform-vive/desktopApp/build/compose/tmp/prepareAppResources --enable-native-access=ALL-UNNAMED -Dfile.encoding=UTF-8 -Duser.country=US -Duser.language=en -Duser.variant -Dawt.toolkit.name=XToolkit com.vivenotes.desktop.MainKt

Host: AMD Ryzen 9 7900X 12-Core Processor, 24 cores, 30G, Fedora release 44 (Forty Four)
Time: Sat Sep 26 02:16:13 2026 EDT elapsed time: 60.917371 seconds (0d 0h 1m 0s)

---------------  T H R E A D  ---------------

Current thread (0x00007f7ce0005730):  JavaThread "AWT-EventQueue-0"        [_thread_in_native, id=381368, stack(0x00007f7d29f33000,0x00007f7d2a033000) (1024K)]

Stack: [0x00007f7d29f33000,0x00007f7d2a033000],  sp=0x00007f7d2a02f840,  free space=1010k
Native frames: (J=compiled Java code, j=interpreted, Vv=VM code, C=native code)
C  [libskiko-linux-x64.so+0x1473bf]  SkCanvas::restore()+0xf
Java frames: (J=compiled Java code, j=interpreted, Vv=VM code)
J 3162  org.jetbrains.skia.CanvasKt._nRestore(J)V (0 bytes) @ 0x00007f7d550bf3c9 [0x00007f7d550bf380+0x0000000000000049]
J 9627 c1 androidx.compose.ui.scene.ComposeSceneMediator.onRender$lambda$0$0(Landroidx/compose/ui/scene/ComposeSceneMediator;Lorg/jetbrains/skia/Canvas;J)Lkotlin/Unit; (265 bytes) @ 0x00007f7d4e08b814 [0x00007f7d4e08a280+0x0000000000001594]
J 9626 c1 androidx.compose.ui.scene.ComposeSceneMediator$$Lambda+0x000000004c282490.invoke()Ljava/lang/Object; (16 bytes) @ 0x00007f7d4e087394 [0x00007f7d4e087300+0x0000000000000094]
J 9625 c1 androidx.compose.ui.viewinterop.SwingInteropContainer.postponingExecutingScheduledUpdates(Lkotlin/jvm/functions/Function0;)V (171 bytes) @ 0x00007f7d4e085954 [0x00007f7d4e085700+0x0000000000000254]
J 9623 c1 androidx.compose.ui.scene.ComposeSceneMediator.onRender(Lorg/jetbrains/skia/Canvas;IIJ)V (57 bytes) @ 0x00007f7d4e085204 [0x00007f7d4e084d00+0x0000000000000504]
J 10415 c1 androidx.compose.ui.skiko.RecordDrawRectRenderDecorator.onRender(Lorg/jetbrains/skia/Canvas;IIJ)V (223 bytes) @ 0x00007f7d4e2477cc [0x00007f7d4e2474c0+0x000000000000030c]
J 9622 c1 org.jetbrains.skiko.swing.SkiaSwingLayer.renderDelegateWithClipping$lambda$0(Lorg/jetbrains/skiko/swing/SkiaSwingLayer;Lorg/jetbrains/skiko/SkikoRenderDelegate;Lorg/jetbrains/skia/Canvas;IIJ)V (173 bytes) @ 0x00007f7d4e086dac [0x00007f7d4e086180+0x0000000000000c2c]
J 9621 c1 org.jetbrains.skiko.swing.SkiaSwingLayer$$Lambda+0x000000004c1439e0.onRender(Lorg/jetbrains/skia/Canvas;IIJ)V (17 bytes) @ 0x00007f7d4e081cac [0x00007f7d4e081c00+0x00000000000000ac]
J 9611 c1 org.jetbrains.skiko.swing.LinuxOpenGLSwingRedrawer.onRender$lambda$0(Lorg/jetbrains/skiko/swing/LinuxOpenGLSwingRedrawer;IIJLjava/awt/Graphics2D;Lorg/jetbrains/skiko/CloseScope;)Lkotlin/Unit; (229 bytes) @ 0x00007f7d4e083954 [0x00007f7d4e081f00+0x0000000000001a54]
J 8809 c1 org.jetbrains.skiko.swing.LinuxOpenGLSwingRedrawer$$Lambda+0x000000004c2846f0.invoke(Ljava/lang/Object;)Ljava/lang/Object; (28 bytes) @ 0x00007f7d4df1260c [0x00007f7d4df12480+0x000000000000018c]
J 8807 c1 org.jetbrains.skiko.ResourceUtilsKt.autoCloseScope(Lkotlin/jvm/functions/Function1;)V (179 bytes) @ 0x00007f7d4df1314c [0x00007f7d4df12b00+0x000000000000064c]
J 8803 c1 org.jetbrains.skiko.swing.LinuxOpenGLSwingRedrawer.onRender(Ljava/awt/Graphics2D;IIJ)V (98 bytes) @ 0x00007f7d4df0f434 [0x00007f7d4df0e900+0x0000000000000b34]
J 8802 c1 org.jetbrains.skiko.swing.SwingRedrawerBase.redraw(Ljava/awt/Graphics2D;)V (259 bytes) @ 0x00007f7d4df16d74 [0x00007f7d4df15900+0x0000000000001474]
J 8801 c1 org.jetbrains.skiko.swing.SkiaSwingLayer.paint(Ljava/awt/Graphics;)V (108 bytes) @ 0x00007f7d4df101fc [0x00007f7d4df0fb00+0x00000000000006fc]
J 8800 c1 androidx.compose.ui.scene.skia.SwingSkiaLayerComponent$hierarchyRoot$1.paint(Ljava/awt/Graphics;)V (16 bytes) @ 0x00007f7d4df0e5cc [0x00007f7d4df0e080+0x000000000000054c]
J 6961 c1 javax.swing.JComponent.paintChildren(Ljava/awt/Graphics;)V java.desktop@25.0.4 (684 bytes) @ 0x00007f7d4d68c9f4 [0x00007f7d4d689380+0x0000000000003674]
J 6958 c1 javax.swing.JComponent.paint(Ljava/awt/Graphics;)V java.desktop@25.0.4 (379 bytes) @ 0x00007f7d4d53a9cc [0x00007f7d4d539080+0x000000000000194c]
J 7271 c1 javax.swing.JLayeredPane.paint(Ljava/awt/Graphics;)V java.desktop@25.0.4 (77 bytes) @ 0x00007f7d4dda3d34 [0x00007f7d4dda3480+0x00000000000008b4]
J 10414 c1 androidx.compose.ui.scene.SwingComposeSceneLayer$container$1.paint(Ljava/awt/Graphics;)V (52 bytes) @ 0x00007f7d4e245a64 [0x00007f7d4e245600+0x0000000000000464]
J 6961 c1 javax.swing.JComponent.paintChildren(Ljava/awt/Graphics;)V java.desktop@25.0.4 (684 bytes) @ 0x00007f7d4d68c9f4 [0x00007f7d4d689380+0x0000000000003674]
J 6958 c1 javax.swing.JComponent.paint(Ljava/awt/Graphics;)V java.desktop@25.0.4 (379 bytes) @ 0x00007f7d4d53a9cc [0x00007f7d4d539080+0x000000000000194c]
J 7271 c1 javax.swing.JLayeredPane.paint(Ljava/awt/Graphics;)V java.desktop@25.0.4 (77 bytes) @ 0x00007f7d4dda3d34 [0x00007f7d4dda3480+0x00000000000008b4]
J 9670 c1 com.vivenotes.desktop.PopupLayerHost.paint(Ljava/awt/Graphics;)V (77 bytes) @ 0x00007f7d4e098504 [0x00007f7d4e098180+0x0000000000000384]
J 6961 c1 javax.swing.JComponent.paintChildren(Ljava/awt/Graphics;)V java.desktop@25.0.4 (684 bytes) @ 0x00007f7d4d68c9f4 [0x00007f7d4d689380+0x0000000000003674]
J 6958 c1 javax.swing.JComponent.paint(Ljava/awt/Graphics;)V java.desktop@25.0.4 (379 bytes) @ 0x00007f7d4d53a9cc [0x00007f7d4d539080+0x000000000000194c]
J 10358 c1 javax.swing.JComponent.paintToOffscreen(Ljava/awt/Graphics;IIIIII)V java.desktop@25.0.4 (108 bytes) @ 0x00007f7d4e22868c [0x00007f7d4e228380+0x000000000000030c]
J 10456 c1 javax.swing.RepaintManager$PaintManager.paintDoubleBufferedImpl(Ljavax/swing/JComponent;Ljava/awt/Image;Ljava/awt/Graphics;IIII)V java.desktop@25.0.4 (294 bytes) @ 0x00007f7d4e25a0f4 [0x00007f7d4e259b00+0x00000000000005f4]
J 11124 c1 javax.swing.RepaintManager$PaintManager.paintDoubleBuffered(Ljavax/swing/JComponent;Ljava/awt/Image;Ljava/awt/Graphics;IIII)V java.desktop@25.0.4 (50 bytes) @ 0x00007f7d4e4317d4 [0x00007f7d4e431580+0x0000000000000254]
J 10357 c1 javax.swing.RepaintManager$PaintManager.paint(Ljavax/swing/JComponent;Ljavax/swing/JComponent;Ljava/awt/Graphics;IIII)Z java.desktop@25.0.4 (201 bytes) @ 0x00007f7d4e229d9c [0x00007f7d4e228e80+0x0000000000000f1c]
J 9016 c1 javax.swing.RepaintManager.paint(Ljavax/swing/JComponent;Ljavax/swing/JComponent;Ljava/awt/Graphics;IIII)V java.desktop@25.0.4 (143 bytes) @ 0x00007f7d4df7a31c [0x00007f7d4df79e80+0x000000000000049c]
J 10452 c1 javax.swing.JComponent._paintImmediately(IIII)V java.desktop@25.0.4 (891 bytes) @ 0x00007f7d4e25ed94 [0x00007f7d4e25c600+0x0000000000002794]
J 9661 c1 javax.swing.JComponent.paintImmediately(IIII)V java.desktop@25.0.4 (155 bytes) @ 0x00007f7d4e095f5c [0x00007f7d4e095180+0x0000000000000ddc]
J 9717 c1 javax.swing.RepaintManager.paintDirtyRegions(Ljava/util/Map;)V java.desktop@25.0.4 (383 bytes) @ 0x00007f7d4e0b07bc [0x00007f7d4e0af700+0x00000000000010bc]
J 9716 c1 javax.swing.RepaintManager.paintDirtyRegions()V java.desktop@25.0.4 (50 bytes) @ 0x00007f7d4e0ae96c [0x00007f7d4e0ae700+0x000000000000026c]
J 9715 c1 javax.swing.RepaintManager.prePaintDirtyRegions()V java.desktop@25.0.4 (91 bytes) @ 0x00007f7d4e0af244 [0x00007f7d4e0aec80+0x00000000000005c4]
J 9712 c1 javax.swing.RepaintManager$ProcessingRunnable.run()V java.desktop@25.0.4 (41 bytes) @ 0x00007f7d4e0ac7ec [0x00007f7d4e0ac600+0x00000000000001ec]
J 10155 c2 java.awt.EventDispatchThread.pumpOneEventForFilters(I)V java.desktop@25.0.4 (106 bytes) @ 0x00007f7d5536307c [0x00007f7d55362880+0x00000000000007fc]
j  java.awt.EventDispatchThread.pumpEventsForFilter(ILjava/awt/Conditional;Ljava/awt/EventFilter;)V+35 java.desktop@25.0.4
j  java.awt.EventDispatchThread.pumpEventsForHierarchy(ILjava/awt/Conditional;Ljava/awt/Component;)V+11 java.desktop@25.0.4
j  java.awt.EventDispatchThread.pumpEvents(ILjava/awt/Conditional;)V+4 java.desktop@25.0.4
j  java.awt.EventDispatchThread.pumpEvents(Ljava/awt/Conditional;)V+3 java.desktop@25.0.4
j  java.awt.EventDispatchThread.run()V+18 java.desktop@25.0.4
v  ~StubRoutines::call_stub 0x00007f7d5485ffa6

siginfo: si_signo: 11 (SIGSEGV), si_code: 1 (SEGV_MAPERR), si_addr: 0x0000000000000058

Registers:
RAX=0x0000000000000000, RBX=0x00000000000064a4, RCX=0x0000000000001041, RDX=0x00007f7c4774a4c0
RSP=0x00007f7d2a02f840, RBP=0x00007f7c4774a4c0, RSI=0x00007f7d2a02f880, RDI=0x00007f7c4774a4c0
R8 =0x000000061955dfc4, R9 =0x0000000000000000, R10=0x00007f7d550bf3c9, R11=0x0000000000000000
R12=0x0000000000000000, R13=0x00007f7d4df14c34, R14=0x00007f7d2a02f880, R15=0x00007f7ce0005730
RIP=0x00007f7cba7473bf, EFLAGS=0x0000000000010246, CSGSFS=0x002b000000000033, ERR=0x0000000000000004
  TRAPNO=0x000000000000000e

XMM[0]=0x0000000000000000 0x0000000000000000
XMM[1]=0x0000000000000000 0x0000000634c6af80
XMM[2]=0x0000000000000000 0x00007f7d549923f7
XMM[3]=0x00007f7d2a02f158 0x0000000000000000
XMM[4]=0x0000000000000000 0x00007f7ce0005730
XMM[5]=0x0000000000000000 0x00007f7ce0005730
XMM[6]=0xedc7b792c3b7f570 0x92649a6ef5cf819b
XMM[7]=0x11ef82e4cf0ce8c9 0xd52ff4f95fce731e
XMM[8]=0x4ff0b99e42d8add6 0x2c36ed4aeabe7d07
XMM[9]=0x940e6f9b940e6f9b 0x940e6f9b2afe6e22
XMM[10]=0x0000000000000000 0x0000000096effe87
XMM[11]=0x6254f6e36254f6e3 0x6254f6e38d536505
XMM[12]=0x0000000000000000 0x000000002afe6e22
XMM[13]=0x0000000000000000 0x0000000000000000
XMM[14]=0x0000000000000000 0x0000000000000000
XMM[15]=0x0000000000000000 0x000000003f800000
  MXCSR=0x00001fa3


Register to memory mapping:

RAX=0x0 is null
RBX=0x00000000000064a4 is an unknown value
RCX=0x0000000000001041 is an unknown value
RDX=0x00007f7c4774a4c0 points into unknown readable memory: 0x00007f7ccd97e800 | 00 e8 97 cd 7c 7f 00 00
RSP=0x00007f7d2a02f840 is pointing into the stack for thread: 0x00007f7ce0005730
RBP=0x00007f7c4774a4c0 points into unknown readable memory: 0x00007f7ccd97e800 | 00 e8 97 cd 7c 7f 00 00
RSI=0x00007f7d2a02f880 is pointing into the stack for thread: 0x00007f7ce0005730
RDI=0x00007f7c4774a4c0 points into unknown readable memory: 0x00007f7ccd97e800 | 00 e8 97 cd 7c 7f 00 00
R8 =0x000000061955dfc4 is pointing into object: java.util.concurrent.locks.ReentrantLock$NonfairSync 
{0x000000061955dfb8} - klass: 'java/util/concurrent/locks/ReentrantLock$NonfairSync' - flags: 

 - ---- fields (total size 4 words):
 - private transient 'exclusiveOwnerThread' 'Ljava/lang/Thread;' @12  null (0x00000000)
 - private volatile transient 'head' 'Ljava/util/concurrent/locks/AbstractQueuedSynchronizer$Node;' @16  a 'java/util/concurrent/locks/AbstractQueuedSynchronizer$ConditionNode'{0x0000000634cbf828} (0xc6997f05)
 - private volatile transient 'tail' 'Ljava/util/concurrent/locks/AbstractQueuedSynchronizer$Node;' @20  a 'java/util/concurrent/locks/AbstractQueuedSynchronizer$ConditionNode'{0x0000000634cbf828} (0xc6997f05)
 - private volatile 'state' 'I' @24  0 (0x00000000)
R9 =0x0 is null
R10=0x00007f7d550bf3c9 is at entry_point+73 in (nmethod*)0x00007f7d550bf288
Compiled method (n/a) 60919 3162     n 0       org.jetbrains.skia.CanvasKt::_nRestore (native)
 total in heap  [0x00007f7d550bf288,0x00007f7d550bf4e0] = 600
 main code      [0x00007f7d550bf380,0x00007f7d550bf4d7] = 343
 stub code      [0x00007f7d550bf4d7,0x00007f7d550bf4d8] = 1
 oops           [0x00007f7d550bf4d8,0x00007f7d550bf4e0] = 8
 mutable data [0x00007f7ccd7e95d0,0x00007f7ccd7e95f0] = 32
 relocation     [0x00007f7ccd7e95d0,0x00007f7ccd7e95f0] = 32
0x00007f7d550bf3af:   48 8b d6 49 be 58 ec b9 ff 07 00 00 00 4c 89 74
0x00007f7d550bf3bf:   24 30 4c 8d 74 24 30 49 8b f6 c5 f8 77 
R11=0x0 is null
R12=0x0 is null
R13=0x00007f7d4df14c34 is at entry_point+3234 in (nmethod*)0x00007f7d4df13e88
Compiled method (c1) 60920 8811   !   3       androidx.compose.ui.scene.SingleComposeSceneRenderingScope::render (102 bytes)
 total in heap  [0x00007f7d4df13e88,0x00007f7d4df14f30] = 4264
 main code      [0x00007f7d4df13f80,0x00007f7d4df14e88] = 3848
 stub code      [0x00007f7d4df14e88,0x00007f7d4df14f28] = 160
 oops           [0x00007f7d4df14f28,0x00007f7d4df14f30] = 8
 mutable data [0x00007f7d0034eb70,0x00007f7d0034ed20] = 432
 relocation     [0x00007f7d0034eb70,0x00007f7d0034ec98] = 296
 metadata       [0x00007f7d0034ec98,0x00007f7d0034ed20] = 136
 immutable data [0x00007f7d0034e6a0,0x00007f7d0034eb60] = 1216
 dependencies   [0x00007f7d0034e6a0,0x00007f7d0034e6d0] = 48
 nul chk table  [0x00007f7d0034e6d0,0x00007f7d0034e710] = 64
 handler table  [0x00007f7d0034e710,0x00007f7d0034e7b8] = 168
 scopes pcs     [0x00007f7d0034e7b8,0x00007f7d0034e998] = 480
 scopes data    [0x00007f7d0034e998,0x00007f7d0034eb60] = 456
0x00007f7d4df14b95:   48 bb 40 69 62 16 7d 7f 00 00 8b 7f 08 41 ba 00
0x00007f7d4df14ba5:   00 00 4a 49 03 fa 48 3b bb 20 02 00 00 75 0d 48
0x00007f7d4df14bb5:   83 83 28 02 00 00 01 e9 60 00 00 00 48 3b bb 30
0x00007f7d4df14bc5:   02 00 00 75 0d 48 83 83 38 02 00 00 01 e9 4a 00
0x00007f7d4df14bd5:   00 00 48 83 bb 20 02 00 00 00 75 17 48 89 bb 20
0x00007f7d4df14be5:   02 00 00 48 c7 83 28 02 00 00 01 00 00 00 e9 29
0x00007f7d4df14bf5:   00 00 00 48 83 bb 30 02 00 00 00 75 17 48 89 bb
0x00007f7d4df14c05:   30 02 00 00 48 c7 83 38 02 00 00 01 00 00 00 e9
0x00007f7d4df14c15:   08 00 00 00 48 83 83 18 02 00 00 01 0f 1f 40 00
0x00007f7d4df14c25:   48 b8 20 f0 34 00 7d 7f 00 00 e8 5d c9 99 06 0f
0x00007f7d4df14c35:   1f 84 00 ac 0d 00 05 48 81 c4 80 00 00 00 5d 
R14=0x00007f7d2a02f880 is pointing into the stack for thread: 0x00007f7ce0005730
R15=0x00007f7ce0005730 is a thread

Top of Stack: (sp=0x00007f7d2a02f840)
0x00007f7d2a02f840:   00007f7d2a02f890 00007f7d550bf402   ...*}......U}...
0x00007f7d2a02f850:   00007f7ccdb3f8e8 0000000000000000   ....|...........
0x00007f7d2a02f860:   0000000634c91f10 00000007ffcfe160   ...4....`.......
0x00007f7d2a02f870:   0000000634d1d5d0 000000004c150468   ...4....h..L....
0x00007f7d2a02f880:   00000007ffb9ec58 00007f7d4e08b311   X..........N}...
0x00007f7d2a02f890:   0000000000000000 00007f7d4e08b814   ...........N}...
0x00007f7d2a02f8a0:   00007f7d2a02f910 00007f7cba7472a3   ...*}....rt.|...
0x00007f7d2a02f8b0:   0000000000000000 00007f7d661724f4   .........$.f}...
0x00007f7d2a02f8c0:   00007f7ce0005730 00007f7d2a02f970   0W..|...p..*}...
0x00007f7d2a02f8d0:   00007f7d2a02f900 00007f7d2a02f9c0   ...*}......*}...
0x00007f7d2a02f8e0:   00007f7d2a02f960 00007f7d66173525   `..*}...%5.f}...
0x00007f7d2a02f8f0:   00007f7ccf8bd8c0 00000007ffcfe0e0   ....|...........
0x00007f7d2a02f900:   00007f7d2a02f970 00007f7ce0005730   p..*}...0W..|...
0x00007f7d2a02f910:   00007f7d2a02f8f8 3fffffbf3fff0000   ...*}......?...?
0x00007f7d2a02f920:   0000000000000000 e31a289e97b0a400   .............(..
0x00007f7d2a02f930:   00007f7d2a02fab0 00007f7ce0005730   ...*}...0W..|...
0x00007f7d2a02f940:   000000004c282490 0000000634c69a88   .$(L.......4....
0x00007f7d2a02f950:   00000007ffcfe0c0 000022a0cf6f8dc1   ..........o.."..
0x00007f7d2a02f960:   0000000634c12408 0000000000000000   .$.4............
0x00007f7d2a02f970:   43fe000043c00000 c3c00000c3fe0000   ...C...C........
0x00007f7d2a02f980:   0000000634d1d5d0 c3fe0000c3c00000   ...4............
0x00007f7d2a02f990:   00007f7d2a02fa28 0000000000000000   (..*}...........
0x00007f7d2a02f9a0:   0000000000000000 00007f7d4e087394   .........s.N}...
0x00007f7d2a02f9b0:   00007f7d2a02fa10 00007f7d66553640   ...*}...@6Uf}...
0x00007f7d2a02f9c0:   00007f7d669b49d0 0000000000000000   .I.f}...........
0x00007f7d2a02f9d0:   0000000100000000 0000000000000000   ................
0x00007f7d2a02f9e0:   0000000000000000 00007f7d4e085954   ........TY.N}...
0x00007f7d2a02f9f0:   0000000619402238 0000000000000000   8"@.............
0x00007f7d2a02fa00:   0000000000000268 00007f7d2a02fb20   h....... ..*}...
0x00007f7d2a02fa10:   00007f7d2a02fa60 00007f7d54fdd586   `..*}......T}...
0x00007f7d2a02fa20:   0000000619402238 0000000634cc8c88   8"@........4....
0x00007f7d2a02fa30:   0000000634cc8c30 00007f7d4e245d5c   0..4....\]$N}...

Instructions: (pc=0x00007f7cba7473bf)
  0x00007f7cba7472bf:   00 00 0f 85 e4 00 00 00 48 83 c4 28 5b 5d 41 5c
  0x00007f7cba7472cf:   41 5d 41 5e 41 5f c3 66 2e 0f 1f 84 00 00 00 00
  0x00007f7cba7472df:   00 48 89 df ff d0 e9 23 ff ff ff 66 0f 1f 44 00
  0x00007f7cba7472ef:   00 48 8b 83 48 0c 00 00 48 8d 7c 24 08 48 8d 70
  0x00007f7cba7472ff:   10 e8 ab e7 03 00 48 8b 83 48 0c 00 00 bf 98 01
  0x00007f7cba74730f:   00 00 4c 8d 68 28 48 8b 44 24 08 48 c7 44 24 08
  0x00007f7cba74731f:   00 00 00 00 48 89 44 24 10 e8 b3 0f f5 ff 48 8d
  0x00007f7cba74732f:   4c 24 10 4c 89 ea 4c 89 e6 48 89 c7 48 89 c5 e8
  0x00007f7cba74733f:   2d d4 00 00 48 8b 7c 24 10 48 85 ff 74 06 f0 83
  0x00007f7cba74734f:   2f 01 74 4c 48 8b bb 48 0c 00 00 48 89 ab 48 0c
  0x00007f7cba74735f:   00 00 48 85 ff 74 12 f0 83 6f 08 01 75 0b 48 8b
  0x00007f7cba74736f:   07 ff 50 10 0f 1f 44 00 00 48 8b 7c 24 08 48 85
  0x00007f7cba74737f:   ff 0f 84 d1 fe ff ff f0 83 2f 01 0f 85 c7 fe ff
  0x00007f7cba74738f:   ff be 90 00 00 00 e8 76 0f f5 ff e9 b8 fe ff ff
  0x00007f7cba74739f:   be 90 00 00 00 e8 67 0f f5 ff eb a8 e8 10 13 f5
  0x00007f7cba7473af:   ff f3 0f 1e fa 55 48 8b 87 40 0c 00 00 48 89 fd
=>0x00007f7cba7473bf:   8b 50 58 85 d2 7e 12 83 af 60 0c 00 00 01 83 68
  0x00007f7cba7473cf:   58 01 5d c3 0f 1f 44 00 00 83 bf 38 0c 00 00 01
  0x00007f7cba7473df:   7e f0 48 8b 07 48 8d 15 f5 2c f8 ff 48 8b 80 80
  0x00007f7cba7473ef:   00 00 00 48 39 d0 75 31 83 ad 60 0c 00 00 01 48
  0x00007f7cba7473ff:   89 ef e8 8a f2 ff ff 48 8b 45 00 48 8d 15 6f be
  0x00007f7cba74740f:   f5 ff 48 8b 80 88 00 00 00 48 39 d0 74 b4 48 89
  0x00007f7cba74741f:   ef 5d ff e0 0f 1f 44 00 00 ff d0 eb cb 66 90 00
  0x00007f7cba74742f:   00 f3 0f 1e fa 41 57 49 89 f7 41 56 49 89 ce 41
  0x00007f7cba74743f:   55 4d 89 c5 41 54 49 89 fc 55 53 48 89 d3 48 81
  0x00007f7cba74744f:   ec 78 07 00 00 4c 89 4c 24 08 48 8d ac 24 90 00
  0x00007f7cba74745f:   00 00 48 89 ef 64 48 8b 04 25 28 00 00 00 48 89
  0x00007f7cba74746f:   84 24 68 07 00 00 31 c0 e8 b4 b4 07 00 4c 8b 4c
  0x00007f7cba74747f:   24 08 4d 85 c9 74 43 4c 89 ce 48 89 ef e8 7f b8
  0x00007f7cba74748f:   07 00 31 f6 48 89 ef e8 45 c2 07 00 48 89 ef 48
  0x00007f7cba74749f:   8d b4 24 e0 00 00 00 48 c7 84 24 e0 00 00 00 00
  0x00007f7cba7474af:   00 00 00 e8 99 bf 07 00 48 8b bc 24 e0 00 00 00


Stack slot to memory mapping:

stack at sp + 0 slots: 0x00007f7d2a02f890 is pointing into the stack for thread: 0x00007f7ce0005730
stack at sp + 1 slots: 0x00007f7d550bf402 is at entry_point+130 in (nmethod*)0x00007f7d550bf288
Compiled method (n/a) 60925 3162     n 0       org.jetbrains.skia.CanvasKt::_nRestore (native)
 total in heap  [0x00007f7d550bf288,0x00007f7d550bf4e0] = 600
 main code      [0x00007f7d550bf380,0x00007f7d550bf4d7] = 343
 stub code      [0x00007f7d550bf4d7,0x00007f7d550bf4d8] = 1
 oops           [0x00007f7d550bf4d8,0x00007f7d550bf4e0] = 8
 mutable data [0x00007f7ccd7e95d0,0x00007f7ccd7e95f0] = 32
 relocation     [0x00007f7ccd7e95d0,0x00007f7ccd7e95f0] = 32
0x00007f7d550bf3b2:   49 be 58 ec b9 ff 07 00 00 00 4c 89 74 24 30 4c
0x00007f7d550bf3c2:   8d 74 24 30 49 8b f6 c5 f8 77 49 ba c9 f3 0b 55
0x00007f7d550bf3d2:   7d 7f 00 00 4d 89 97 88 04 00 00 49 89 a7 80 04
0x00007f7d550bf3e2:   00 00 49 8d bf a0 04 00 00 41 c7 87 2c 05 00 00
0x00007f7d550bf3f2:   04 00 00 00 48 b8 70 90 6b ba 7c 7f 00 00 ff d0
0x00007f7d550bf402:   c5 f8 77 41 c7 87 2c 05 00 00 05 00 00 00 f0 83
0x00007f7d550bf412:   44 24 c0 00 49 3b 6f 28 0f 87 0e 00 00 00 41 83
0x00007f7d550bf422:   bf 28 05 00 00 00 0f 84 1c 00 00 00 c5 f8 77 49
0x00007f7d550bf432:   8b ff 4c 8b e4 48 83 ec 00 48 83 e4 f0 
stack at sp + 2 slots: 0x00007f7ccdb3f8e8 points into unknown readable memory: 0x000000003f800000 | 00 00 80 3f 00 00 00 00
stack at sp + 3 slots: 0x0 is null
stack at sp + 4 slots: 0x0000000634c91f10 is an oop: androidx.compose.ui.scene.PlatformLayersComposeSceneImpl 
{0x0000000634c91f10} - klass: 'androidx/compose/ui/scene/PlatformLayersComposeSceneImpl' - flags: 

 - ---- fields (total size 9 words):
 - private 'isClosed' 'Z' @12  true (0x01)
 - private 'isInvalidationDisabled' 'Z' @13  false (0x00)
 - private volatile 'hasForcedLayout' 'Z' @14  false (0x00)
 - private volatile 'hasForcedDraw' 'Z' @15  false (0x00)
 - private final 'frameRecomposer' 'Landroidx/compose/ui/platform/FrameRecomposer;' @16  a 'androidx/compose/ui/platform/FrameRecomposer'{0x0000000634c6b1e0} (0xc698d63c)
 - private final 'invalidateLayout' 'Lkotlin/jvm/functions/Function0;' @20  a 'androidx/compose/ui/scene/SwingComposeSceneLayer$createComposeScene$1'{0x0000000634c91f58} (0xc69923eb)
 - private final 'invalidateDraw' 'Lkotlin/jvm/functions/Function0;' @24  a 'androidx/compose/ui/scene/SwingComposeSceneLayer$createComposeScene$2'{0x0000000634c91f80} (0xc69923f0)
 - private final 'inputHandler' 'Landroidx/compose/ui/scene/ComposeSceneInputHandler;' @28  a 'androidx/compose/ui/scene/ComposeSceneInputHandler'{0x0000000634c91fa8} (0xc69923f5)
 - private 'composition' 'Landroidx/compose/runtime/Composition;' @32  a 'androidx/compose/runtime/CompositionImpl'{0x00000007ffc50d60} (0xfff8a1ac)
 - private final 'compositionLocalContext$delegate' 'Landroidx/compose/runtime/MutableState;' @36  a 'androidx/compose/runtime/SnapshotMutableStateImpl'{0x0000000634cd74f8} (0xc699ae9f)
 - private final 'composeSceneContext' 'Landroidx/compose/ui/scene/ComposeSceneContext;' @40  a 'androidx/compose/ui/scene/ComposeContainer$ComposeSceneContextImpl'{0x0000000634c91e18} (0xc69923c3)
 - private final 'mainOwner$delegate' 'Lkotlin/Lazy;' @44  a 'kotlin/SynchronizedLazyImpl'{0x0000000634d16d28} (0xc69a2da5)
 - private 'density' 'Landroidx/compose/ui/unit/Density;' @48  a 'androidx/compose/ui/unit/DensityImpl'{0x0000000634c91a98} (0xc6992353)
 - private 'layoutDirection' 'Landroidx/compose/ui/unit/LayoutDirection;' @52  a 'androidx/compose/ui/unit/LayoutDirection'{0x000000061943ce70} (0xc32879ce)
 - private 'size' 'Landroidx/compose/ui/unit/IntSize;' @56  a 'androidx/compose/ui/unit/IntSize'{0x0000000634cd6700} (0xc699ace0)
 - private final 'focusManager' 'Landroidx/compose/ui/scene/ComposeSceneFocusManager;' @60  a 'androidx/compose/ui/scene/ComposeSceneFocusManager'{0x0000000634d16d40} (0xc69a2da8)
 - private final 'rootDragAndDropNode' 'Landroidx/compose/ui/scene/ComposeSceneDragAndDropNode;' @64  a 'androidx/compose/ui/scene/ComposeSceneDragAndDropNode'{0x0000000634d16d90} (0xc69a2db2)
stack at sp + 5 slots: 0x00000007ffcfe160 is an oop: androidx.compose.ui.graphics.SkiaBackedCanvas 
{0x00000007ffcfe160} - klass: 'androidx/compose/ui/graphics/SkiaBackedCanvas' - flags: 

 - ---- fields (total size 3 words):
 - private 'alphaMultiplier' 'F' @12  1.000000 (0x3f800000)
 - private final 'internalSkiaCanvas' 'Lorg/jetbrains/skia/Canvas;' @16  a 'org/jetbrains/skia/Canvas'{0x00000007ffcfe0c0} (0xfff9fc18)
stack at sp + 6 slots: 0x0000000634d1d5d0 is an oop: androidx.compose.ui.scene.SingleComposeSceneRenderingScope 
{0x0000000634d1d5d0} - klass: 'androidx/compose/ui/scene/SingleComposeSceneRenderingScope' - flags: 

 - ---- fields (total size 3 words):
 - private 'isRendering' 'Z' @12  false (0x00)
 - private final 'scheduleFrame' 'Lkotlin/jvm/functions/Function0;' @16  a 'androidx/compose/ui/scene/ComposeSceneMediator$sceneRenderingScope$1'{0x0000000634d1d5e8} (0xc69a3abd)
stack at sp + 7 slots: 0x000000004c150468 is a pointer to class: 
androidx.compose.ui.scene.PlatformLayersComposeSceneImpl {0x000000004c150468}
 - instance size:     9
 - klass size:        141
 - access:            final synchronized 
 - flags:             rewritten has_nonstatic_fields should_verify_class defined_by_app_loader has_localvariable_table has_miranda_methods has_final_method has_resolved_methods 
 - state:             fully_initialized
 - name:              'androidx/compose/ui/scene/PlatformLayersComposeSceneImpl'
 - super:             'androidx/compose/ui/scene/BaseComposeScene'
 - sub:               
 - arrays:            null
 - methods:           Array<T>(0x00007f7d14bdcfc0)
 - method ordering:   Array<T>(0x000000004af73dc0)
 - local interfaces:  Array<T>(0x000000004ae68308)
 - trans. interfaces: Array<T>(0x00007f7d14be3c58)
 - secondary supers: Array<T>(0x00007f7d14be3d28)
 - hash_slot:         50
 - secondary bitmap: 0x0800000000010000
 - constants:         constant pool [437]/operands[28] {0x00007f7d14bdc100} for 'androidx/compose/ui/scene/PlatformLayersComposeSceneImpl' cache=0x00007f7d14be4b98
 - class loader data:  loader data: 0x00007f7d601119e0 for instance a 'jdk/internal/loader/ClassLoaders$AppClassLoader'{0x0000000619402068}
 - source file:       'PlatformLayersComposeScene.skiko.kt'
 - class annotations:       Array<T>(0x00007f7d14bdf118)
 - inner classes:     Array<T>(0x00007f7d14bdf280)
 - nest members:     Array<T>(0x000000004ae68300)
 - permitted subclasses:     Array<T>(0x000000004ae68300)
 - java mirror:       a 'java/lang/Class'{0x00000006195267a0} = 'androidx/compose/ui/scene/PlatformLayersComposeSceneImpl'
 - vtable length      40  (start addr: 0x000000004c150678)
 - itable length      34 (start addr: 0x000000004c1507b8)
 - ---- static fields (0 words):
 - ---- non-static fields (14 words):
 - private 'isClosed' 'Z' @12 
 - private 'isInvalidationDisabled' 'Z' @13 
 - private volatile 'hasForcedLayout' 'Z' @14 
 - private volatile 'hasForcedDraw' 'Z' @15 
 - private final 'frameRecomposer' 'Landroidx/compose/ui/platform/FrameRecomposer;' @16 
 - private final 'invalidateLayout' 'Lkotlin/jvm/functions/Function0;' @20 
 - private final 'invalidateDraw' 'Lkotlin/jvm/functions/Function0;' @24 
 - private final 'inputHandler' 'Landroidx/compose/ui/scene/ComposeSceneInputHandler;' @28 
 - private 'composition' 'Landroidx/compose/runtime/Composition;' @32 
 - private final 'compositionLocalContext$delegate' 'Landroidx/compose/runtime/MutableState;' @36 
 - private final 'composeSceneContext' 'Landroidx/compose/ui/scene/ComposeSceneContext;' @40 
 - private final 'mainOwner$delegate' 'Lkotlin/Lazy;' @44 
 - private 'density' 'Landroidx/compose/ui/unit/Density;' @48 
 - private 'layoutDirection' 'Landroidx/compose/ui/unit/LayoutDirection;' @52 
 - private 'size' 'Landroidx/compose/ui/unit/IntSize;' @56 
 - private final 'focusManager' 'Landroidx/compose/ui/scene/ComposeSceneFocusManager;' @60 
 - private final 'rootDragAndDropNode' 'Landroidx/compose/ui/scene/ComposeSceneDragAndDropNode;' @64 
 - non-static oop maps (1 entries): 16-64 

Lock stack of current Java thread (top to bottom):


Compiled method (n/a) 60927 3162     n 0       org.jetbrains.skia.CanvasKt::_nRestore (native)
 total in heap  [0x00007f7d550bf288,0x00007f7d550bf4e0] = 600
 main code      [0x00007f7d550bf380,0x00007f7d550bf4d7] = 343
 stub code      [0x00007f7d550bf4d7,0x00007f7d550bf4d8] = 1
 oops           [0x00007f7d550bf4d8,0x00007f7d550bf4e0] = 8
 mutable data [0x00007f7ccd7e95d0,0x00007f7ccd7e95f0] = 32
 relocation     [0x00007f7ccd7e95d0,0x00007f7ccd7e95f0] = 32

[Constant Pool (empty)]

[MachCode]
[Entry Point]
  # {method} {0x00007f7d15491610} '_nRestore' '(J)V' in 'org/jetbrains/skia/CanvasKt'
  # parm0:    rsi:rsi   = long
  #           [sp+0x50]  (sp of caller)
  0x00007f7d550bf380: 6690 448b | 5608 443b 

  0x00007f7d550bf388: ;   {runtime_call Shared Runtime ic_miss_blob}
  0x00007f7d550bf388: 5008 0f85 | 50e2 7eff 
[Verified Entry Point]
  0x00007f7d550bf390: 8984 2400 | c0fe ff55 | 488b ec48 | 83ec 4090 | 4181 7f20 | 1900 0000 

  0x00007f7d550bf3a8: ;   {runtime_call Stub::method_entry_barrier}
  0x00007f7d550bf3a8: 7405 e811 | 827d ff48 

  0x00007f7d550bf3b0: ;   {oop(a 'java/lang/Class'{0x00000007ffb9ec58} = 'org/jetbrains/skia/CanvasKt')}
  0x00007f7d550bf3b0: 8bd6 49be | 58ec b9ff | 0700 0000 | 4c89 7424 | 304c 8d74 | 2430 498b | f6c5 f877 

  0x00007f7d550bf3cc: ;   {internal_word}
  0x00007f7d550bf3cc: 49ba c9f3 | 0b55 7d7f | 0000 4d89 | 9788 0400 | 0049 89a7 | 8004 0000 | 498d bfa0 | 0400 0041 
  0x00007f7d550bf3ec: c787 2c05 | 0000 0400 

  0x00007f7d550bf3f4: ;   {runtime_call Java_org_jetbrains_skia_CanvasKt__1nRestore}
  0x00007f7d550bf3f4: 0000 48b8 | 7090 6bba | 7c7f 0000 | ffd0 c5f8 | 7741 c787 | 2c05 0000 | 0500 0000 | f083 4424 
  0x00007f7d550bf414: c000 493b | 6f28 0f87 | 0e00 0000 | 4183 bf28 | 0500 0000 | 0f84 1c00 | 0000 c5f8 | 7749 8bff 
  0x00007f7d550bf434: 4c8b e448 | 83ec 0048 

  0x00007f7d550bf43c: ;   {runtime_call JavaThread::check_special_condition_for_native_trans(JavaThread*)}
  0x00007f7d550bf43c: 83e4 f0e8 | 9ce8 d510 | 498b e44d | 33e4 41c7 | 872c 0500 | 0008 0000 | 0041 83bf | a805 0000 
  0x00007f7d550bf45c: 020f 8459 | 0000 0049 | c787 8004 | 0000 0000 | 0000 49c7 | 8788 0400 | 0000 0000 | 00c5 f877 
  0x00007f7d550bf47c: 498b 8f10 | 0500 00c7 | 8100 0100 | 0000 0000 

  0x00007f7d550bf48c: ;   {poll_return}
  0x00007f7d550bf48c: 00c9 41f6 | 4728 0174 

  0x00007f7d550bf494: ;   {internal_word}
  0x00007f7d550bf494: 1649 ba8e | f40b 557d | 7f00 004d | 8997 3805 

  0x00007f7d550bf4a4: ;   {runtime_call SafepointBlob}
  0x00007f7d550bf4a4: 0000 e9b5 | 167f ff49 | 837f 0800 | 0f85 0100 

  0x00007f7d550bf4b4: ;   {runtime_call Stub::forward_exception}
  0x00007f7d550bf4b4: 0000 c3e9 | 240a 7aff | c5f8 774c | 8be4 4883 | ec00 4883 

  0x00007f7d550bf4c8: ;   {runtime_call SharedRuntime::reguard_yellow_pages()}
  0x00007f7d550bf4c8: e4f0 e831 | 6f24 1149 | 8be4 4d33 | e4eb 8cf4 
[/MachCode]


Compiled method (c1) 60932 9627       3       androidx.compose.ui.scene.ComposeSceneMediator::onRender$lambda$0$0 (265 bytes)
 total in heap  [0x00007f7d4e08a188,0x00007f7d4e08be00] = 7288
 main code      [0x00007f7d4e08a280,0x00007f7d4e08bd40] = 6848
 stub code      [0x00007f7d4e08bd40,0x00007f7d4e08bdf8] = 184
 oops           [0x00007f7d4e08bdf8,0x00007f7d4e08be00] = 8
 mutable data [0x00007f7d0038dab0,0x00007f7d0038ddf0] = 832
 relocation     [0x00007f7d0038dab0,0x00007f7d0038dca0] = 496
 metadata       [0x00007f7d0038dca0,0x00007f7d0038ddf0] = 336
 immutable data [0x00007f7d0038ce80,0x00007f7d0038daa0] = 3104
 dependencies   [0x00007f7d0038ce80,0x00007f7d0038cee0] = 96
 nul chk table  [0x00007f7d0038cee0,0x00007f7d0038cf30] = 80
 handler table  [0x00007f7d0038cf30,0x00007f7d0038cf60] = 48
 scopes pcs     [0x00007f7d0038cf60,0x00007f7d0038d2a0] = 832
 scopes data    [0x00007f7d0038d2a0,0x00007f7d0038daa0] = 2048

[Constant Pool (empty)]

[MachCode]
[Verified Entry Point]
  # {method} {0x00007f7d14a16ba0} 'onRender$lambda$0$0' '(Landroidx/compose/ui/scene/ComposeSceneMediator;Lorg/jetbrains/skia/Canvas;J)Lkotlin/Unit;' in 'androidx/compose/ui/scene/ComposeSceneMediator'
  # parm0:    rsi:rsi   = 'androidx/compose/ui/scene/ComposeSceneMediator'
  # parm1:    rdx:rdx   = 'org/jetbrains/skia/Canvas'
  # parm2:    rcx:rcx   = long
  #           [sp+0x110]  (sp of caller)
  0x00007f7d4e08a280: 8984 2400 | c0fe ff55 | 4881 ec00 | 0100 0090 | 4181 7f20 | 1900 0000 

  0x00007f7d4e08a298: ;   {runtime_call Stub::method_entry_barrier}
  0x00007f7d4e08a298: 7405 e821 | d380 0648 | 89b4 24a8 | 0000 0048 | 8994 24b0 

  0x00007f7d4e08a2ac: ;   {metadata(method data for {method} {0x00007f7d14a16ba0} 'onRender$lambda$0$0' '(Landroidx/compose/ui/scene/ComposeSceneMediator;Lorg/jetbrains/skia/Canvas;J)Lkotlin/Unit;' in 'androidx/compose/ui/scene/ComposeSceneMediator')}
  0x00007f7d4e08a2ac: 0000 0048 | bf38 c868 | 167d 7f00 | 008b 9f90 | 0000 0083 | c302 899f | 9000 0000 | 81e3 fe07 
  0x00007f7d4e08a2cc: 0000 85db | 0f84 1f16 | 0000 8bbe | 8400 0000 | 48c1 e703 

  0x00007f7d4e08a2e0: ;   {metadata(method data for {method} {0x00007f7d14a16ba0} 'onRender$lambda$0$0' '(Landroidx/compose/ui/scene/ComposeSceneMediator;Lorg/jetbrains/skia/Canvas;J)Lkotlin/Unit;' in 'androidx/compose/ui/scene/ComposeSceneMediator')}
  0x00007f7d4e08a2e0: 4885 ff48 | bb38 c868 | 167d 7f00 | 00b8 d800 | 0000 7405 | b8e8 0000 | 004c 8b04 | 034d 8d40 
  0x00007f7d4e08a300: 014c 8904 | 0348 898c | 24b8 0000 | 000f 84be | 0000 0048 | 3b07 488b 

  0x00007f7d4e08a318: ;   {metadata(method data for {method} {0x00007f7d14a16ba0} 'onRender$lambda$0$0' '(Landroidx/compose/ui/scene/ComposeSceneMediator;Lorg/jetbrains/skia/Canvas;J)Lkotlin/Unit;' in 'androidx/compose/ui/scene/ComposeSceneMediator')}
  0x00007f7d4e08a318: df48 b838 | c868 167d | 7f00 008b | 5b08 41ba | 0000 004a | 4903 da48 | 3b98 0001 | 0000 750d 
  0x00007f7d4e08a338: 4883 8008 | 0100 0001 | e960 0000 | 0048 3b98 | 1001 0000 | 750d 4883 | 8018 0100 | 0001 e94a 
  0x00007f7d4e08a358: 0000 0048 | 83b8 0001 | 0000 0075 | 1748 8998 | 0001 0000 | 48c7 8008 | 0100 0001 | 0000 00e9 
  0x00007f7d4e08a378: 2900 0000 | 4883 b810 | 0100 0000 | 7517 4889 | 9810 0100 | 0048 c780 | 1801 0000 | 0100 0000 
  0x00007f7d4e08a398: e908 0000 | 0048 8380 | f800 0000 | 0148 8bf7 | 0f1f 8000 

  0x00007f7d4e08a3ac: ;   {optimized virtual_call}
  0x00007f7d4e08a3ac: 0000 00e8 

  0x00007f7d4e08a3b0: ; ImmutableOopMap {[168]=Oop [176]=Oop }
                      ;*invokevirtual getTopLeft-F1C5BW0 {reexecute=0 rethrow=0 return_oop=0}
                      ; - androidx.compose.ui.scene.ComposeSceneMediator::onRender$lambda$0$0@18 (line 1152)
  0x00007f7d4e08a3b0: 2c37 8206 

  0x00007f7d4e08a3b4: ;   {post_call_nop}
  0x00007f7d4e08a3b4: 0f1f 8400 | 2c02 0000 

  0x00007f7d4e08a3bc: ;   {metadata(method data for {method} {0x00007f7d14a16ba0} 'onRender$lambda$0$0' '(Landroidx/compose/ui/scene/ComposeSceneMediator;Lorg/jetbrains/skia/Canvas;J)Lkotlin/Unit;' in 'androidx/compose/ui/scene/ComposeSceneMediator')}
  0x00007f7d4e08a3bc: 48be 38c8 | 6816 7d7f | 0000 ff86 | 2801 0000 | e9fb 0000 

  0x00007f7d4e08a3d0: ;   {oop(a 'androidx/compose/ui/geometry/Offset$Companion'{0x00000007ffa47408})}
  0x00007f7d4e08a3d0: 0048 be08 | 74a4 ff07 

  0x00007f7d4e08a3d8: ;   {metadata(method data for {method} {0x00007f7d14a16ba0} 'onRender$lambda$0$0' '(Landroidx/compose/ui/scene/ComposeSceneMediator;Lorg/jetbrains/skia/Canvas;J)Lkotlin/Unit;' in 'androidx/compose/ui/scene/ComposeSceneMediator')}
  0x00007f7d4e08a3d8: 0000 0048 | bf38 c868 | 167d 7f00 | 008b 7608 | 41ba 0000 | 004a 4903 | f248 3bb7 | 4801 0000 
  0x00007f7d4e08a3f8: 750d 4883 | 8750 0100 | 0001 e960 | 0000 0048 | 3bb7 5801 | 0000 750d | 4883 8760 | 0100 0001 
  0x00007f7d4e08a418: e94a 0000 | 0048 83bf | 4801 0000 | 0075 1748 | 89b7 4801 | 0000 48c7 | 8750 0100 | 0001 0000 
  0x00007f7d4e08a438: 00e9 2900 | 0000 4883 | bf58 0100 | 0000 7517 | 4889 b758 | 0100 0048 | c787 6001 | 0000 0100 
  0x00007f7d4e08a458: 0000 e908 | 0000 0048 | 8387 4001 

  0x00007f7d4e08a464: ;   {metadata(method data for {method} {0x00007f7d14f0ef18} 'getZero-F1C5BW0' '()J' in 'androidx/compose/ui/geometry/Offset$Companion')}
  0x00007f7d4e08a464: 0000 0148 | be88 b9c3 | 157d 7f00 | 008b be90 | 0000 0083 | c702 89be | 9000 0000 | 81e7 feff 
  0x00007f7d4e08a484: 1f00 85ff | 0f84 9214 

  0x00007f7d4e08a48c: ;   {metadata(method data for {method} {0x00007f7d14f0ef18} 'getZero-F1C5BW0' '()J' in 'androidx/compose/ui/geometry/Offset$Companion')}
  0x00007f7d4e08a48c: 0000 48be | 88b9 c315 | 7d7f 0000 | 4883 86d8 | 0000 0001 

  0x00007f7d4e08a4a0: ;   {metadata(method data for {method} {0x00007f7d14f0e478} 'access$getZero$cp' '()J' in 'androidx/compose/ui/geometry/Offset')}
  0x00007f7d4e08a4a0: 48be 98b8 | c315 7d7f | 0000 8bbe | 9000 0000 | 83c7 0289 | be90 0000 | 0081 e7fe | ff1f 0085 
  0x00007f7d4e08a4c0: ff0f 847a | 1400 00b8 | 0000 0000 | 4889 8424 | c800 0000 | 488b b424 | a800 0000 

  0x00007f7d4e08a4dc: ;   {metadata(method data for {method} {0x00007f7d14a16ba0} 'onRender$lambda$0$0' '(Landroidx/compose/ui/scene/ComposeSceneMediator;Lorg/jetbrains/skia/Canvas;J)Lkotlin/Unit;' in 'androidx/compose/ui/scene/ComposeSceneMediator')}
  0x00007f7d4e08a4dc: 488b fe48 | bb38 c868 | 167d 7f00 | 008b 7f08 | 41ba 0000 | 004a 4903 | fa48 3bbb | 7801 0000 
  0x00007f7d4e08a4fc: 750d 4883 | 8380 0100 | 0001 e960 | 0000 0048 | 3bbb 8801 | 0000 750d | 4883 8390 | 0100 0001 
  0x00007f7d4e08a51c: e94a 0000 | 0048 83bb | 7801 0000 | 0075 1748 | 89bb 7801 | 0000 48c7 | 8380 0100 | 0001 0000 
  0x00007f7d4e08a53c: 00e9 2900 | 0000 4883 | bb88 0100 | 0000 7517 | 4889 bb88 | 0100 0048 | c783 9001 | 0000 0100 
  0x00007f7d4e08a55c: 0000 e908 | 0000 0048 | 8383 7001 

  0x00007f7d4e08a568: ;   {metadata(method data for {method} {0x00007f7d14a114c0} 'getContentComponent' '()Ljavax/swing/JComponent;' in 'androidx/compose/ui/scene/ComposeSceneMediator')}
  0x00007f7d4e08a568: 0000 0148 | bf00 0022 | 167d 7f00 | 008b 9f90 | 0000 0083 | c302 899f | 9000 0000 | 81e3 feff 
  0x00007f7d4e08a588: 1f00 85db | 0f84 d013 | 0000 8b7e | 5448 c1e7 | 0348 85ff | 0f84 2400 

  0x00007f7d4e08a5a0: ;   {metadata('androidx/compose/ui/scene/skia/SwingSkiaLayerComponent')}
  0x00007f7d4e08a5a0: 0000 49b9 | d8c6 124c | 0000 0000 | 8b4f 0841 | ba00 0000 | 4a49 03ca | 4c3b c90f | 85c2 1300 
  0x00007f7d4e08a5c0: 00e9 0000 | 0000 488b | df48 3b07 

  0x00007f7d4e08a5cc: ;   {metadata(method data for {method} {0x00007f7d14a114c0} 'getContentComponent' '()Ljavax/swing/JComponent;' in 'androidx/compose/ui/scene/ComposeSceneMediator')}
  0x00007f7d4e08a5cc: 488b df48 | b900 0022 | 167d 7f00 | 0048 8381 | e800 0000 

  0x00007f7d4e08a5e0: ;   {metadata(method data for {method} {0x00007f7d14ae2188} 'getHierarchyRoot' '()Ljavax/swing/JComponent;' in 'androidx/compose/ui/scene/skia/SwingSkiaLayerComponent')}
  0x00007f7d4e08a5e0: 0148 bb28 | 0620 167d | 7f00 008b | 8b90 0000 | 0083 c102 | 898b 9000 | 0000 81e1 | feff 1f00 
  0x00007f7d4e08a600: 85c9 0f84 | 8513 0000 

  0x00007f7d4e08a608: ;   {metadata(method data for {method} {0x00007f7d14ae2188} 'getHierarchyRoot' '()Ljavax/swing/JComponent;' in 'androidx/compose/ui/scene/skia/SwingSkiaLayerComponent')}
  0x00007f7d4e08a608: 488b df48 | b928 0620 | 167d 7f00 | 008b 5b08 | 41ba 0000 | 004a 4903 | da48 3b99 | e000 0000 
  0x00007f7d4e08a628: 750d 4883 | 81e8 0000 | 0001 e960 | 0000 0048 | 3b99 f000 | 0000 750d | 4883 81f8 | 0000 0001 
  0x00007f7d4e08a648: e94a 0000 | 0048 83b9 | e000 0000 | 0075 1748 | 8999 e000 | 0000 48c7 | 81e8 0000 | 0001 0000 
  0x00007f7d4e08a668: 00e9 2900 | 0000 4883 | b9f0 0000 | 0000 7517 | 4889 99f0 | 0000 0048 | c781 f800 | 0000 0100 
  0x00007f7d4e08a688: 0000 e908 | 0000 0048 | 8381 d800 | 0000 018b | 7f0c 48c1 

  0x00007f7d4e08a69c: ;   {metadata(method data for {method} {0x00007f7d14a16ba0} 'onRender$lambda$0$0' '(Landroidx/compose/ui/scene/ComposeSceneMediator;Lorg/jetbrains/skia/Canvas;J)Lkotlin/Unit;' in 'androidx/compose/ui/scene/ComposeSceneMediator')}
  0x00007f7d4e08a69c: e703 48bb | 38c8 6816 | 7d7f 0000 | 4883 83d0 | 0100 0001 

  0x00007f7d4e08a6b0: ;   {metadata(method data for {method} {0x00007f7d148b3c20} 'getDensity' '(Ljava/awt/Component;)Landroidx/compose/ui/unit/Density;' in 'androidx/compose/ui/window/LayoutConfiguration_desktopKt')}
  0x00007f7d4e08a6b0: 48bb f8a8 | 1316 7d7f | 0000 8b8b | 9000 0000 | 83c1 0289 | 8b90 0000 | 0081 e1fe | ff1f 0085 
  0x00007f7d4e08a6d0: c90f 84d7 | 1200 0048 | 3b07 488b 

  0x00007f7d4e08a6dc: ;   {metadata(method data for {method} {0x00007f7d148b3c20} 'getDensity' '(Ljava/awt/Component;)Landroidx/compose/ui/unit/Density;' in 'androidx/compose/ui/window/LayoutConfiguration_desktopKt')}
  0x00007f7d4e08a6dc: df48 b9f8 | a813 167d | 7f00 008b | 5b08 41ba | 0000 004a | 4903 da48 | 3b99 e000 | 0000 750d 
  0x00007f7d4e08a6fc: 4883 81e8 | 0000 0001 | e960 0000 | 0048 3b99 | f000 0000 | 750d 4883 | 81f8 0000 | 0001 e94a 
  0x00007f7d4e08a71c: 0000 0048 | 83b9 e000 | 0000 0075 | 1748 8999 | e000 0000 | 48c7 81e8 | 0000 0001 | 0000 00e9 
  0x00007f7d4e08a73c: 2900 0000 | 4883 b9f0 | 0000 0000 | 7517 4889 | 99f0 0000 | 0048 c781 | f800 0000 | 0100 0000 
  0x00007f7d4e08a75c: e908 0000 | 0048 8381 | d800 0000 

  0x00007f7d4e08a768: ;   {metadata(method data for {method} {0x00007f7d141d9270} 'getGraphicsConfiguration' '()Ljava/awt/GraphicsConfiguration;' in 'java/awt/Component')}
  0x00007f7d4e08a768: 0148 bb88 | a13a 157d | 7f00 008b | 8b90 0000 | 0083 c102 | 898b 9000 | 0000 81e1 | feff 1f00 
  0x00007f7d4e08a788: 85c9 0f84 | 4412 0000 

  0x00007f7d4e08a790: ;   {metadata(method data for {method} {0x00007f7d141d9270} 'getGraphicsConfiguration' '()Ljava/awt/GraphicsConfiguration;' in 'java/awt/Component')}
  0x00007f7d4e08a790: 488b df48 | b988 a13a | 157d 7f00 | 008b 5b08 | 41ba 0000 | 004a 4903 | da48 3b99 | e000 0000 
  0x00007f7d4e08a7b0: 750d 4883 | 81e8 0000 | 0001 e960 | 0000 0048 | 3b99 f000 | 0000 750d | 4883 81f8 | 0000 0001 
  0x00007f7d4e08a7d0: e94a 0000 | 0048 83b9 | e000 0000 | 0075 1748 | 8999 e000 | 0000 48c7 | 81e8 0000 | 0001 0000 
  0x00007f7d4e08a7f0: 00e9 2900 | 0000 4883 | b9f0 0000 | 0000 7517 | 4889 99f0 | 0000 0048 | c781 f800 | 0000 0100 
  0x00007f7d4e08a810: 0000 e908 | 0000 0048 | 8381 d800 | 0000 018b | 5f64 48c1 

  0x00007f7d4e08a824: ;   {metadata(method data for {method} {0x00007f7d148b3c20} 'getDensity' '(Ljava/awt/Component;)Landroidx/compose/ui/unit/Density;' in 'androidx/compose/ui/window/LayoutConfiguration_desktopKt')}
  0x00007f7d4e08a824: e303 48b9 | f8a8 1316 | 7d7f 0000 | 4883 8108 | 0100 0001 

  0x00007f7d4e08a838: ;   {metadata(method data for {method} {0x00007f7d148b3e18} 'getDensity' '(Ljava/awt/GraphicsConfiguration;)Landroidx/compose/ui/unit/Density;' in 'androidx/compose/ui/window/LayoutConfiguration_desktopKt')}
  0x00007f7d4e08a838: 48b9 50aa | 1316 7d7f | 0000 448b | 8190 0000 | 0041 83c0 | 0244 8981 | 9000 0000 | 4181 e0fe 
  0x00007f7d4e08a858: ff1f 0045 | 85c0 0f84 | 9111 0000 

  0x00007f7d4e08a864: ; implicit exception: dispatches to 0x00007f7d4e08ba16
  0x00007f7d4e08a864: 483b 0348 

  0x00007f7d4e08a868: ;   {metadata(method data for {method} {0x00007f7d148b3e18} 'getDensity' '(Ljava/awt/GraphicsConfiguration;)Landroidx/compose/ui/unit/Density;' in 'androidx/compose/ui/window/LayoutConfiguration_desktopKt')}
  0x00007f7d4e08a868: 8bcb 49b8 | 50aa 1316 | 7d7f 0000 | 8b49 0841 | ba00 0000 | 4a49 03ca | 493b 88e0 | 0000 0075 
  0x00007f7d4e08a888: 0d49 8380 | e800 0000 | 01e9 6000 | 0000 493b | 88f0 0000 | 0075 0d49 | 8380 f800 | 0000 01e9 
  0x00007f7d4e08a8a8: 4a00 0000 | 4983 b8e0 | 0000 0000 | 7517 4989 | 88e0 0000 | 0049 c780 | e800 0000 | 0100 0000 
  0x00007f7d4e08a8c8: e929 0000 | 0049 83b8 | f000 0000 | 0075 1749 | 8988 f000 | 0000 49c7 | 80f8 0000 | 0001 0000 
  0x00007f7d4e08a8e8: 00e9 0800 | 0000 4983 | 80d8 0000 | 0001 488b | f348 89bc | 24c0 0000 | 000f 1f40 | 0048 b830 
  0x00007f7d4e08a908: e238 007d 

  0x00007f7d4e08a90c: ;   {virtual_call}
  0x00007f7d4e08a90c: 7f00 00e8 

  0x00007f7d4e08a910: ; ImmutableOopMap {[168]=Oop [176]=Oop [192]=Oop }
                      ;*invokevirtual getDefaultTransform {reexecute=0 rethrow=0 return_oop=0}
                      ; - androidx.compose.ui.window.LayoutConfiguration_desktopKt::getDensity@1 (line 49)
                      ; - androidx.compose.ui.window.LayoutConfiguration_desktopKt::getDensity@4 (line 43)
                      ; - androidx.compose.ui.scene.ComposeSceneMediator::onRender$lambda$0$0@48 (line 1155)
  0x00007f7d4e08a910: 8e64 1b07 

  0x00007f7d4e08a914: ;   {post_call_nop}
  0x00007f7d4e08a914: 0f1f 8400 | 8c07 0001 

  0x00007f7d4e08a91c: ; implicit exception: dispatches to 0x00007f7d4e08ba1b
  0x00007f7d4e08a91c: 483b 0048 

  0x00007f7d4e08a920: ;   {metadata(method data for {method} {0x00007f7d148b3e18} 'getDensity' '(Ljava/awt/GraphicsConfiguration;)Landroidx/compose/ui/unit/Density;' in 'androidx/compose/ui/window/LayoutConfiguration_desktopKt')}
  0x00007f7d4e08a920: 8bd0 48be | 50aa 1316 | 7d7f 0000 | 4883 8618 | 0100 0001 | c5fb 1040 | 10c5 fb5a 

  0x00007f7d4e08a93c: ;   {metadata(method data for {method} {0x00007f7d148b3e18} 'getDensity' '(Ljava/awt/GraphicsConfiguration;)Landroidx/compose/ui/unit/Density;' in 'androidx/compose/ui/window/LayoutConfiguration_desktopKt')}
  0x00007f7d4e08a93c: c048 ba50 | aa13 167d | 7f00 0048 | 8382 3801 

  0x00007f7d4e08a94c: ;   {metadata(method data for {method} {0x00007f7d14bd0968} 'Density' '(FF)Landroidx/compose/ui/unit/Density;' in 'androidx/compose/ui/unit/DensityKt')}
  0x00007f7d4e08a94c: 0000 0148 | baa8 e40f | 167d 7f00 | 008b b290 | 0000 0083 | c602 89b2 | 9000 0000 | 81e6 feff 
  0x00007f7d4e08a96c: 1f00 85f6 | 0f84 aa10 

  0x00007f7d4e08a974: ;   {metadata('androidx/compose/ui/unit/DensityImpl')}
  0x00007f7d4e08a974: 0000 48ba | 10e6 144c | 0000 0000 | 498b 87c8 | 0100 0048 | 8d78 1849 | 3bbf d801 | 0000 0f87 
  0x00007f7d4e08a994: a910 0000 | 4989 bfc8 | 0100 0048 | c700 0100 | 0000 488b | ca41 ba00 | 0000 4a49 | 2bca 8948 
  0x00007f7d4e08a9b4: 0848 33c9 | 8948 0c48 | 33c9 4889 | 4810 488b 

  0x00007f7d4e08a9c4: ;   {metadata(method data for {method} {0x00007f7d14bd0968} 'Density' '(FF)Landroidx/compose/ui/unit/Density;' in 'androidx/compose/ui/unit/DensityKt')}
  0x00007f7d4e08a9c4: c848 bea8 | e40f 167d | 7f00 0048 | 8386 d800 

  0x00007f7d4e08a9d4: ;   {metadata(method data for {method} {0x00007f7d14bd4ba8} '<init>' '(FF)V' in 'androidx/compose/ui/unit/DensityImpl')}
  0x00007f7d4e08a9d4: 0000 0148 | b980 e30f | 167d 7f00 | 008b b190 | 0000 0083 | c602 89b1 | 9000 0000 | 81e6 feff 
  0x00007f7d4e08a9f4: 1f00 85f6 | 0f84 5010 | 0000 488b 

  0x00007f7d4e08aa00: ;   {metadata(method data for {method} {0x00007f7d14bd4ba8} '<init>' '(FF)V' in 'androidx/compose/ui/unit/DensityImpl')}
  0x00007f7d4e08aa00: c848 be80 | e30f 167d | 7f00 0048 | 8386 d800 

  0x00007f7d4e08aa10: ;   {metadata(method data for {method} {0x000000004ab1ce40} '<init>' '()V' in 'java/lang/Object')}
  0x00007f7d4e08aa10: 0000 0148 | b930 a500 | 147d 7f00 | 008b b190 | 0000 0083 | c602 89b1 | 9000 0000 | 81e6 feff 
  0x00007f7d4e08aa30: 1f00 85f6 | 0f84 3510 | 0000 c5fa | 1140 0cc7 | 4010 0000 

  0x00007f7d4e08aa44: ;   {metadata(method data for {method} {0x00007f7d14a16ba0} 'onRender$lambda$0$0' '(Landroidx/compose/ui/scene/ComposeSceneMediator;Lorg/jetbrains/skia/Canvas;J)Lkotlin/Unit;' in 'androidx/compose/ui/scene/ComposeSceneMediator')}
  0x00007f7d4e08aa44: 803f 48b9 | 38c8 6816 | 7d7f 0000 

  0x00007f7d4e08aa50: ;   {metadata('androidx/compose/ui/unit/DensityImpl')}
  0x00007f7d4e08aa50: 49ba 10e6 | 144c 0000 | 0000 4c89 | 91e8 0100 | 0048 8381 | f001 0000 | 0148 8bbc | 24c0 0000 
  0x00007f7d4e08aa70: ;   {metadata(method data for {method} {0x00007f7d14a16ba0} 'onRender$lambda$0$0' '(Landroidx/compose/ui/scene/ComposeSceneMediator;Lorg/jetbrains/skia/Canvas;J)Lkotlin/Unit;' in 'androidx/compose/ui/scene/ComposeSceneMediator')}
  0x00007f7d4e08aa70: 0048 b938 | c868 167d | 7f00 008b | 7f08 41ba | 0000 004a | 4903 fa48 | 3bb9 1802 | 0000 750d 
  0x00007f7d4e08aa90: 4883 8120 | 0200 0001 | e960 0000 | 0048 3bb9 | 2802 0000 | 750d 4883 | 8130 0200 | 0001 e94a 
  0x00007f7d4e08aab0: 0000 0048 | 83b9 1802 | 0000 0075 | 1748 89b9 | 1802 0000 | 48c7 8120 | 0200 0001 | 0000 00e9 
  0x00007f7d4e08aad0: 2900 0000 | 4883 b928 | 0200 0000 | 7517 4889 | b928 0200 | 0048 c781 | 3002 0000 | 0100 0000 
  0x00007f7d4e08aaf0: e908 0000 | 0048 8381 | 1002 0000 

  0x00007f7d4e08aafc: ;   {metadata(method data for {method} {0x00007f7d142ad448} 'getX' '()I' in 'javax/swing/JComponent')}
  0x00007f7d4e08aafc: 0148 b998 | b33a 157d | 7f00 008b | b190 0000 | 0083 c602 | 89b1 9000 | 0000 81e6 | feff 1f00 
  0x00007f7d4e08ab1c: 85f6 0f84 | 6c0f 0000 | 488b bc24 | c000 0000 

  0x00007f7d4e08ab2c: ;   {metadata(method data for {method} {0x00007f7d142ad448} 'getX' '()I' in 'javax/swing/JComponent')}
  0x00007f7d4e08ab2c: 48b9 98b3 | 3a15 7d7f | 0000 4883 | 81d8 0000 | 0001 488b | bc24 c000 | 0000 8b4f | 0cc5 f22a 
  0x00007f7d4e08ab4c: c9c5 f259 | c848 8bcf 

  0x00007f7d4e08ab54: ;   {metadata(method data for {method} {0x00007f7d14a16ba0} 'onRender$lambda$0$0' '(Landroidx/compose/ui/scene/ComposeSceneMediator;Lorg/jetbrains/skia/Canvas;J)Lkotlin/Unit;' in 'androidx/compose/ui/scene/ComposeSceneMediator')}
  0x00007f7d4e08ab54: 48be 38c8 | 6816 7d7f | 0000 8b49 | 0841 ba00 | 0000 4a49 | 03ca 483b | 8e48 0200 | 0075 0d48 
  0x00007f7d4e08ab74: 8386 5002 | 0000 01e9 | 6000 0000 | 483b 8e58 | 0200 0075 | 0d48 8386 | 6002 0000 | 01e9 4a00 
  0x00007f7d4e08ab94: 0000 4883 | be48 0200 | 0000 7517 | 4889 8e48 | 0200 0048 | c786 5002 | 0000 0100 | 0000 e929 
  0x00007f7d4e08abb4: 0000 0048 | 83be 5802 | 0000 0075 | 1748 898e | 5802 0000 | 48c7 8660 | 0200 0001 | 0000 00e9 
  0x00007f7d4e08abd4: 0800 0000 | 4883 8640 | 0200 0001 

  0x00007f7d4e08abe0: ;   {metadata(method data for {method} {0x00007f7d142ad528} 'getY' '()I' in 'javax/swing/JComponent')}
  0x00007f7d4e08abe0: 48b9 90b2 | 3a15 7d7f | 0000 8bb1 | 9000 0000 | 83c6 0289 | b190 0000 | 0081 e6fe | ff1f 0085 
  0x00007f7d4e08ac00: f60f 84aa | 0e00 0048 

  0x00007f7d4e08ac08: ;   {metadata(method data for {method} {0x00007f7d142ad528} 'getY' '()I' in 'javax/swing/JComponent')}
  0x00007f7d4e08ac08: 8bcf 48be | 90b2 3a15 | 7d7f 0000 | 4883 86d8 | 0000 0001 | 8b4f 18c5 | ea2a d1c5 

  0x00007f7d4e08ac24: ;   {metadata(method data for {method} {0x00007f7d14a16ba0} 'onRender$lambda$0$0' '(Landroidx/compose/ui/scene/ComposeSceneMediator;Lorg/jetbrains/skia/Canvas;J)Lkotlin/Unit;' in 'androidx/compose/ui/scene/ComposeSceneMediator')}
  0x00007f7d4e08ac24: ea59 d048 | b938 c868 | 167d 7f00 | 0048 8381 | 7002 0000 | 01c5 fa11 | 8c24 d000 | 0000 8b8c 
  0x00007f7d4e08ac44: 24d0 0000 | 0048 63f1 

  0x00007f7d4e08ac4c: ;   {metadata(method data for {method} {0x00007f7d14a16ba0} 'onRender$lambda$0$0' '(Landroidx/compose/ui/scene/ComposeSceneMediator;Lorg/jetbrains/skia/Canvas;J)Lkotlin/Unit;' in 'androidx/compose/ui/scene/ComposeSceneMediator')}
  0x00007f7d4e08ac4c: 48b9 38c8 | 6816 7d7f | 0000 4883 | 8180 0200 | 0001 c5fa | 1194 24d4 | 0000 008b | 8c24 d400 
  0x00007f7d4e08ac6c: 0000 4863 | d1b9 2000 | 0000 48d3 | e6bf ffff | ffff 4823 | d748 8bfe 

  0x00007f7d4e08ac84: ;   {metadata(method data for {method} {0x00007f7d14a16ba0} 'onRender$lambda$0$0' '(Landroidx/compose/ui/scene/ComposeSceneMediator;Lorg/jetbrains/skia/Canvas;J)Lkotlin/Unit;' in 'androidx/compose/ui/scene/ComposeSceneMediator')}
  0x00007f7d4e08ac84: 480b fa48 | be38 c868 | 167d 7f00 | 0048 8386 | 9002 0000 

  0x00007f7d4e08ac98: ;   {metadata(method data for {method} {0x00007f7d14f0e168} 'constructor-impl' '(J)J' in 'androidx/compose/ui/geometry/Offset')}
  0x00007f7d4e08ac98: 0148 bec0 | 3e1d 157d | 7f00 008b | 9690 0000 | 0083 c202 | 8996 9000 | 0000 81e2 | feff 1f00 
  0x00007f7d4e08acb8: 85d2 0f84 | 120e 0000 

  0x00007f7d4e08acc0: ;   {metadata(method data for {method} {0x00007f7d14a16ba0} 'onRender$lambda$0$0' '(Landroidx/compose/ui/scene/ComposeSceneMediator;Lorg/jetbrains/skia/Canvas;J)Lkotlin/Unit;' in 'androidx/compose/ui/scene/ComposeSceneMediator')}
  0x00007f7d4e08acc0: 48be 38c8 | 6816 7d7f | 0000 4883 | 86a0 0200 | 0001 488b | b424 c800 | 0000 488b 

  0x00007f7d4e08acdc: ;   {static_call}
  0x00007f7d4e08acdc: d766 90e8 

  0x00007f7d4e08ace0: ; ImmutableOopMap {[168]=Oop [176]=Oop }
                      ;*invokestatic minus-MK-Hz9U {reexecute=0 rethrow=0 return_oop=0}
                      ; - androidx.compose.ui.scene.ComposeSceneMediator::onRender$lambda$0$0@133 (line 1161)
  0x00007f7d4e08ace0: 1c6d 3107 

  0x00007f7d4e08ace4: ;   {post_call_nop}
  0x00007f7d4e08ace4: 0f1f 8400 | 5c0b 0002 | 488b 9424 | b000 0000 

  0x00007f7d4e08acf4: ; implicit exception: dispatches to 0x00007f7d4e08baf3
  0x00007f7d4e08acf4: 483b 0248 

  0x00007f7d4e08acf8: ;   {metadata(method data for {method} {0x00007f7d14a16ba0} 'onRender$lambda$0$0' '(Landroidx/compose/ui/scene/ComposeSceneMediator;Lorg/jetbrains/skia/Canvas;J)Lkotlin/Unit;' in 'androidx/compose/ui/scene/ComposeSceneMediator')}
  0x00007f7d4e08acf8: 8bf2 48bf | 38c8 6816 | 7d7f 0000 | 8b76 0841 | ba00 0000 | 4a49 03f2 | 483b b7b8 | 0200 0075 
  0x00007f7d4e08ad18: 0d48 8387 | c002 0000 | 01e9 6000 | 0000 483b | b7c8 0200 | 0075 0d48 | 8387 d002 | 0000 01e9 
  0x00007f7d4e08ad38: 4a00 0000 | 4883 bfb8 | 0200 0000 | 7517 4889 | b7b8 0200 | 0048 c787 | c002 0000 | 0100 0000 
  0x00007f7d4e08ad58: e929 0000 | 0048 83bf | c802 0000 | 0075 1748 | 89b7 c802 | 0000 48c7 | 87d0 0200 | 0001 0000 
  0x00007f7d4e08ad78: 00e9 0800 | 0000 4883 | 87b0 0200 

  0x00007f7d4e08ad84: ;   {metadata(method data for {method} {0x00007f7d14b552f8} 'save' '()I' in 'org/jetbrains/skia/Canvas')}
  0x00007f7d4e08ad84: 0001 48be | 7879 c715 | 7d7f 0000 | 8bbe 9000 | 0000 83c7 | 0289 be90 | 0000 0081 | e7fe ff1f 
  0x00007f7d4e08ada4: 0085 ff0f | 844b 0d00 

  0x00007f7d4e08adac: ;   {oop(a 'org/jetbrains/skia/impl/Stats'{0x0000000619589168})}
  0x00007f7d4e08adac: 0048 be68 | 9158 1906 | 0000 0048 

  0x00007f7d4e08adb8: ;   {metadata(method data for {method} {0x00007f7d14b552f8} 'save' '()I' in 'org/jetbrains/skia/Canvas')}
  0x00007f7d4e08adb8: 8bfe 48bb | 7879 c715 | 7d7f 0000 | 8b7f 0841 | ba00 0000 | 4a49 03fa | 483b bbe0 | 0000 0075 
  0x00007f7d4e08add8: 0d48 8383 | e800 0000 | 01e9 6000 | 0000 483b | bbf0 0000 | 0075 0d48 | 8383 f800 | 0000 01e9 
  0x00007f7d4e08adf8: 4a00 0000 | 4883 bbe0 | 0000 0000 | 7517 4889 | bbe0 0000 | 0048 c783 | e800 0000 | 0100 0000 
  0x00007f7d4e08ae18: e929 0000 | 0048 83bb | f000 0000 | 0075 1748 | 89bb f000 | 0000 48c7 | 83f8 0000 | 0001 0000 
  0x00007f7d4e08ae38: 00e9 0800 | 0000 4883 | 83d8 0000 | 0001 4889 | 8424 d800 

  0x00007f7d4e08ae4c: ;   {optimized virtual_call}
  0x00007f7d4e08ae4c: 0000 90e8 

  0x00007f7d4e08ae50: ; ImmutableOopMap {[168]=Oop [176]=Oop }
                      ;*invokevirtual onNativeCall {reexecute=0 rethrow=0 return_oop=0}
                      ; - org.jetbrains.skia.Canvas::save@4 (line 1430)
                      ; - androidx.compose.ui.scene.ComposeSceneMediator::onRender$lambda$0$0@140 (line 1162)
  0x00007f7d4e08ae50: bc7b 0307 

  0x00007f7d4e08ae54: ;   {post_call_nop}
  0x00007f7d4e08ae54: 0f1f 8400 | cc0c 0003 | 488b 9424 | b000 0000 

  0x00007f7d4e08ae64: ;   {metadata(method data for {method} {0x00007f7d14b552f8} 'save' '()I' in 'org/jetbrains/skia/Canvas')}
  0x00007f7d4e08ae64: 48be 7879 | c715 7d7f | 0000 8b52 | 0841 ba00 | 0000 4a49 | 03d2 483b | 9610 0100 | 0075 0d48 
  0x00007f7d4e08ae84: 8386 1801 | 0000 01e9 | 6000 0000 | 483b 9620 | 0100 0075 | 0d48 8386 | 2801 0000 | 01e9 4a00 
  0x00007f7d4e08aea4: 0000 4883 | be10 0100 | 0000 7517 | 4889 9610 | 0100 0048 | c786 1801 | 0000 0100 | 0000 e929 
  0x00007f7d4e08aec4: 0000 0048 | 83be 2001 | 0000 0075 | 1748 8996 | 2001 0000 | 48c7 8628 | 0100 0001 | 0000 00e9 
  0x00007f7d4e08aee4: 0800 0000 | 4883 8608 | 0100 0001 | 488b 9424 | b000 0000 | 488b 7210 

  0x00007f7d4e08aefc: ;   {metadata(method data for {method} {0x00007f7d14b552f8} 'save' '()I' in 'org/jetbrains/skia/Canvas')}
  0x00007f7d4e08aefc: 48bf 7879 | c715 7d7f | 0000 4883 | 8738 0100 

  0x00007f7d4e08af0c: ;   {metadata(method data for {method} {0x00007f7d15493b08} 'access$_nSave' '(J)I' in 'org/jetbrains/skia/CanvasKt')}
  0x00007f7d4e08af0c: 0001 48bf | 487b c715 | 7d7f 0000 | 8b9f 9000 | 0000 83c3 | 0289 9f90 | 0000 0081 | e3fe ff1f 
  0x00007f7d4e08af2c: 0085 db0f | 84e4 0b00 

  0x00007f7d4e08af34: ;   {metadata(method data for {method} {0x00007f7d15493b08} 'access$_nSave' '(J)I' in 'org/jetbrains/skia/CanvasKt')}
  0x00007f7d4e08af34: 0048 bf48 | 7bc7 157d | 7f00 0048 | 8387 d800 

  0x00007f7d4e08af44: ;   {static_call}
  0x00007f7d4e08af44: 0000 01e8 

  0x00007f7d4e08af48: ; ImmutableOopMap {[168]=Oop [176]=Oop }
                      ;*invokestatic _nSave {reexecute=0 rethrow=0 return_oop=0}
                      ; - org.jetbrains.skia.CanvasKt::access$_nSave@1 (line 1)
                      ; - org.jetbrains.skia.Canvas::save@11 (line 1431)
                      ; - androidx.compose.ui.scene.ComposeSceneMediator::onRender$lambda$0$0@140 (line 1162)
  0x00007f7d4e08af48: 4441 0307 

  0x00007f7d4e08af4c: ;   {post_call_nop}
  0x00007f7d4e08af4c: 0f1f 8400 | c40d 0004 

  0x00007f7d4e08af54: ;   {metadata(method data for {method} {0x00007f7d14b552f8} 'save' '()I' in 'org/jetbrains/skia/Canvas')}
  0x00007f7d4e08af54: 48b9 7879 | c715 7d7f | 0000 4883 | 8148 0100 

  0x00007f7d4e08af64: ;   {metadata(method data for {method} {0x00007f7d14d803c8} 'reachabilityBarrier' '(Ljava/lang/Object;)V' in 'org/jetbrains/skia/impl/Native_jvmKt')}
  0x00007f7d4e08af64: 0001 48b9 | 8870 5015 | 7d7f 0000 | 8bb1 9000 | 0000 83c6 | 0289 b190 | 0000 0081 | e6fe ff1f 
  0x00007f7d4e08af84: 0085 f60f | 84ad 0b00 

  0x00007f7d4e08af8c: ;   {metadata(method data for {method} {0x00007f7d14d803c8} 'reachabilityBarrier' '(Ljava/lang/Object;)V' in 'org/jetbrains/skia/impl/Native_jvmKt')}
  0x00007f7d4e08af8c: 0048 b988 | 7050 157d | 7f00 0048 | 8381 d800 

  0x00007f7d4e08af9c: ;   {metadata(method data for {method} {0x000000004a387b80} 'reachabilityFence' '(Ljava/lang/Object;)V' in 'java/lang/ref/Reference')}
  0x00007f7d4e08af9c: 0000 0148 | b930 c102 | 147d 7f00 | 008b b190 | 0000 0083 | c602 89b1 | 9000 0000 | 81e6 feff 
  0x00007f7d4e08afbc: 1f00 85f6 | 0f84 950b 

  0x00007f7d4e08afc4: ;   {metadata(method data for {method} {0x00007f7d14b552f8} 'save' '()I' in 'org/jetbrains/skia/Canvas')}
  0x00007f7d4e08afc4: 0000 48b9 | 7879 c715 | 7d7f 0000 | ff81 5801 | 0000 488b | 9424 b000 

  0x00007f7d4e08afdc: ;   {metadata(method data for {method} {0x00007f7d14a16ba0} 'onRender$lambda$0$0' '(Landroidx/compose/ui/scene/ComposeSceneMediator;Lorg/jetbrains/skia/Canvas;J)Lkotlin/Unit;' in 'androidx/compose/ui/scene/ComposeSceneMediator')}
  0x00007f7d4e08afdc: 0000 48b9 | 38c8 6816 | 7d7f 0000 | 4883 81e0 | 0200 0001 | b9ff ffff | ff48 8b84 | 24d8 0000 
  0x00007f7d4e08affc: 0048 23c1 

  0x00007f7d4e08b000: ;   {metadata(method data for {method} {0x00007f7d14a16ba0} 'onRender$lambda$0$0' '(Landroidx/compose/ui/scene/ComposeSceneMediator;Lorg/jetbrains/skia/Canvas;J)Lkotlin/Unit;' in 'androidx/compose/ui/scene/ComposeSceneMediator')}
  0x00007f7d4e08b000: 8bc0 48b9 | 38c8 6816 | 7d7f 0000 | 4883 81f0 | 0200 0001 

  0x00007f7d4e08b014: ;   {metadata(method data for {method} {0x00007f7d14a16ba0} 'onRender$lambda$0$0' '(Landroidx/compose/ui/scene/ComposeSceneMediator;Lorg/jetbrains/skia/Canvas;J)Lkotlin/Unit;' in 'androidx/compose/ui/scene/ComposeSceneMediator')}
  0x00007f7d4e08b014: 488b ca48 | bf38 c868 | 167d 7f00 | 008b 4908 | 41ba 0000 | 004a 4903 | ca48 3b8f | 0803 0000 
  0x00007f7d4e08b034: 750d 4883 | 8710 0300 | 0001 e960 | 0000 0048 | 3b8f 1803 | 0000 750d | 4883 8720 | 0300 0001 
  0x00007f7d4e08b054: e94a 0000 | 0048 83bf | 0803 0000 | 0075 1748 | 898f 0803 | 0000 48c7 | 8710 0300 | 0001 0000 
  0x00007f7d4e08b074: 00e9 2900 | 0000 4883 | bf18 0300 | 0000 7517 | 4889 8f18 | 0300 0048 | c787 2003 | 0000 0100 
  0x00007f7d4e08b094: 0000 e908 | 0000 0048 | 8387 0003 | 0000 01b9 | 2000 0000 | 488b bc24 | d800 0000 | 48d3 ff8b 
  0x00007f7d4e08b0b4: ff89 bc24 | e800 0000 | c5fa 1084 | 24e8 0000 | 0089 8424 | ec00 0000 | c5fa 108c | 24ec 0000 
  0x00007f7d4e08b0d4: 0048 8bf2 | 0f1f 8000 

  0x00007f7d4e08b0dc: ;   {optimized virtual_call}
  0x00007f7d4e08b0dc: 0000 00e8 

  0x00007f7d4e08b0e0: ; ImmutableOopMap {[168]=Oop [176]=Oop }
                      ;*invokevirtual translate {reexecute=0 rethrow=0 return_oop=0}
                      ; - androidx.compose.ui.scene.ComposeSceneMediator::onRender$lambda$0$0@211 (line 1163)
  0x00007f7d4e08b0e0: 2cb1 2d07 

  0x00007f7d4e08b0e4: ;   {post_call_nop}
  0x00007f7d4e08b0e4: 0f1f 8400 | 5c0f 0005 

  0x00007f7d4e08b0ec: ;   {metadata(method data for {method} {0x00007f7d14a16ba0} 'onRender$lambda$0$0' '(Landroidx/compose/ui/scene/ComposeSceneMediator;Lorg/jetbrains/skia/Canvas;J)Lkotlin/Unit;' in 'androidx/compose/ui/scene/ComposeSceneMediator')}
  0x00007f7d4e08b0ec: 48be 38c8 | 6816 7d7f | 0000 4883 | 8630 0300 | 0001 488b | b424 a800 | 0000 8b7e | 4448 c1e7 
  0x00007f7d4e08b10c: ;   {metadata(method data for {method} {0x00007f7d14a16ba0} 'onRender$lambda$0$0' '(Landroidx/compose/ui/scene/ComposeSceneMediator;Lorg/jetbrains/skia/Canvas;J)Lkotlin/Unit;' in 'androidx/compose/ui/scene/ComposeSceneMediator')}
  0x00007f7d4e08b10c: 0348 bb38 | c868 167d | 7f00 0048 | 8383 4003 

  0x00007f7d4e08b11c: ;   {metadata(method data for {method} {0x00007f7d14a17ad8} 'access$getScene' '(Landroidx/compose/ui/scene/ComposeSceneMediator;)Landroidx/compose/ui/scene/ComposeScene;' in 'androidx/compose/ui/scene/ComposeSceneMediator')}
  0x00007f7d4e08b11c: 0000 0148 | bb08 3c62 | 167d 7f00 | 008b 8390 | 0000 0083 | c002 8983 | 9000 0000 | 25fe ff1f 
  0x00007f7d4e08b13c: 0085 c00f | 8437 0a00 | 0048 8bde 

  0x00007f7d4e08b148: ;   {metadata(method data for {method} {0x00007f7d14a17ad8} 'access$getScene' '(Landroidx/compose/ui/scene/ComposeSceneMediator;)Landroidx/compose/ui/scene/ComposeScene;' in 'androidx/compose/ui/scene/ComposeSceneMediator')}
  0x00007f7d4e08b148: 48b8 083c | 6216 7d7f | 0000 4883 | 80d8 0000 

  0x00007f7d4e08b158: ;   {metadata(method data for {method} {0x00007f7d14a12468} 'getScene' '()Landroidx/compose/ui/scene/ComposeScene;' in 'androidx/compose/ui/scene/ComposeSceneMediator')}
  0x00007f7d4e08b158: 0001 48bb | f0c7 2016 | 7d7f 0000 | 8b83 9000 | 0000 83c0 | 0289 8390 | 0000 0025 | feff 1f00 
  0x00007f7d4e08b178: 85c0 0f84 | 1d0a 0000 | 8b9e 8c00 | 0000 48c1 | e303 483b | 0348 8bc3 

  0x00007f7d4e08b190: ;   {metadata(method data for {method} {0x00007f7d14a12468} 'getScene' '()Landroidx/compose/ui/scene/ComposeScene;' in 'androidx/compose/ui/scene/ComposeSceneMediator')}
  0x00007f7d4e08b190: 48ba f0c7 | 2016 7d7f | 0000 8b40 | 0841 ba00 | 0000 4a49 | 03c2 483b | 82e0 0000 | 0075 0d48 
  0x00007f7d4e08b1b0: 8382 e800 | 0000 01e9 | 6000 0000 | 483b 82f0 | 0000 0075 | 0d48 8382 | f800 0000 | 01e9 4a00 
  0x00007f7d4e08b1d0: 0000 4883 | bae0 0000 | 0000 7517 | 4889 82e0 | 0000 0048 | c782 e800 | 0000 0100 | 0000 e929 
  0x00007f7d4e08b1f0: 0000 0048 | 83ba f000 | 0000 0075 | 1748 8982 | f000 0000 | 48c7 82f8 | 0000 0001 | 0000 00e9 
  0x00007f7d4e08b210: 0800 0000 | 4883 82d8 | 0000 0001 | 488b f348 | 89bc 24e0 | 0000 0066 | 0f1f 4400 | 0048 b858 
  0x00007f7d4e08b230: e238 007d 

  0x00007f7d4e08b234: ;   {virtual_call}
  0x00007f7d4e08b234: 7f00 00e8 

  0x00007f7d4e08b238: ; ImmutableOopMap {[168]=Oop [176]=Oop [224]=Oop }
                      ;*invokeinterface getValue {reexecute=0 rethrow=0 return_oop=0}
                      ; - androidx.compose.ui.scene.ComposeSceneMediator::getScene@6 (line 354)
                      ; - androidx.compose.ui.scene.ComposeSceneMediator::access$getScene@1 (line 121)
                      ; - androidx.compose.ui.scene.ComposeSceneMediator::onRender$lambda$0$0@234 (line 733)
  0x00007f7d4e08b238: c6ed 0e07 

  0x00007f7d4e08b23c: ;   {post_call_nop}
  0x00007f7d4e08b23c: 0f1f 8400 | b410 0006 

  0x00007f7d4e08b244: ;   {metadata(method data for {method} {0x00007f7d14a12468} 'getScene' '()Landroidx/compose/ui/scene/ComposeScene;' in 'androidx/compose/ui/scene/ComposeSceneMediator')}
  0x00007f7d4e08b244: 4885 c048 | bef0 c720 | 167d 7f00 | 0075 0c80 | 8e01 0100 | 0001 e9c1 | 0000 008b | 7808 41ba 
  0x00007f7d4e08b264: 0000 004a | 4903 fa48 | 3bbe 1001 | 0000 750d | 4883 8618 | 0100 0001 | e960 0000 | 0048 3bbe 
  0x00007f7d4e08b284: 2001 0000 | 750d 4883 | 8628 0100 | 0001 e94a | 0000 0048 | 83be 1001 | 0000 0075 | 1748 89be 
  0x00007f7d4e08b2a4: 1001 0000 | 48c7 8618 | 0100 0001 | 0000 00e9 | 2900 0000 | 4883 be20 | 0100 0000 | 7517 4889 
  0x00007f7d4e08b2c4: be20 0100 | 0048 c786 | 2801 0000 | 0100 0000 | e908 0000 | 0048 8386 | 0801 0000 

  0x00007f7d4e08b2e0: ;   {metadata('androidx/compose/ui/scene/ComposeScene')}
  0x00007f7d4e08b2e0: 0148 bf78 | 5a14 4c00 | 0000 008b | 7008 41ba | 0000 004a | 4903 f248 | 3b7e 200f | 841f 0000 
  0x00007f7d4e08b300: 0048 3bf7 | 0f84 1600 | 0000 5657 

  0x00007f7d4e08b30c: ;   {runtime_call C1 Runtime slow_subtype_check_blob}
  0x00007f7d4e08b30c: e8cf 0890 | 065e 5e85 | f60f 84a8 | 0800 00e9 | 0000 0000 | 4c8b c048 | 8bb4 24a8 

  0x00007f7d4e08b328: ;   {metadata(method data for {method} {0x00007f7d14a16ba0} 'onRender$lambda$0$0' '(Landroidx/compose/ui/scene/ComposeSceneMediator;Lorg/jetbrains/skia/Canvas;J)Lkotlin/Unit;' in 'androidx/compose/ui/scene/ComposeSceneMediator')}
  0x00007f7d4e08b328: 0000 0048 | ba38 c868 | 167d 7f00 | 008b 7608 | 41ba 0000 | 004a 4903 | f248 3bb2 | 5803 0000 
  0x00007f7d4e08b348: 750d 4883 | 8260 0300 | 0001 e960 | 0000 0048 | 3bb2 6803 | 0000 750d | 4883 8270 | 0300 0001 
  0x00007f7d4e08b368: e94a 0000 | 0048 83ba | 5803 0000 | 0075 1748 | 89b2 5803 | 0000 48c7 | 8260 0300 | 0001 0000 
  0x00007f7d4e08b388: 00e9 2900 | 0000 4883 | ba68 0300 | 0000 7517 | 4889 b268 | 0300 0048 | c782 7003 | 0000 0100 
  0x00007f7d4e08b3a8: 0000 e908 | 0000 0048 | 8382 5003 | 0000 0148 | 8bb4 24a8 | 0000 0044 | 8b4e 4049 

  0x00007f7d4e08b3c4: ;   {metadata(method data for {method} {0x00007f7d14a16ba0} 'onRender$lambda$0$0' '(Landroidx/compose/ui/scene/ComposeSceneMediator;Lorg/jetbrains/skia/Canvas;J)Lkotlin/Unit;' in 'androidx/compose/ui/scene/ComposeSceneMediator')}
  0x00007f7d4e08b3c4: c1e1 0348 | ba38 c868 | 167d 7f00 | 0048 8382 | 8003 0000 

  0x00007f7d4e08b3d8: ;   {metadata(method data for {method} {0x00007f7d15495df0} 'asComposeCanvas' '(Lorg/jetbrains/skia/Canvas;)Landroidx/compose/ui/graphics/Canvas;' in 'androidx/compose/ui/graphics/SkiaBackedCanvas_skikoKt')}
  0x00007f7d4e08b3d8: 0148 ba78 | 7431 167d | 7f00 008b | b290 0000 | 0083 c602 | 89b2 9000 | 0000 81e6 | feff 1f00 
  0x00007f7d4e08b3f8: 85f6 0f84 | cc07 0000 

  0x00007f7d4e08b400: ;   {metadata('androidx/compose/ui/graphics/SkiaBackedCanvas')}
  0x00007f7d4e08b400: 48ba 4829 | 284c 0000 | 0000 498b | 87c8 0100 | 0048 8d78 | 1849 3bbf | d801 0000 | 0f87 cb07 
  0x00007f7d4e08b420: 0000 4989 | bfc8 0100 | 0048 c700 | 0100 0000 | 488b ca41 | ba00 0000 | 4a49 2bca | 8948 0848 
  0x00007f7d4e08b440: 33c9 8948 | 0c48 33c9 | 4889 4810 

  0x00007f7d4e08b44c: ;   {metadata(method data for {method} {0x00007f7d15495df0} 'asComposeCanvas' '(Lorg/jetbrains/skia/Canvas;)Landroidx/compose/ui/graphics/Canvas;' in 'androidx/compose/ui/graphics/SkiaBackedCanvas_skikoKt')}
  0x00007f7d4e08b44c: 488b d048 | b978 7431 | 167d 7f00 | 0048 8381 | d800 0000 

  0x00007f7d4e08b460: ;   {metadata(method data for {method} {0x00007f7d15497ed8} '<init>' '(Lorg/jetbrains/skia/Canvas;)V' in 'androidx/compose/ui/graphics/SkiaBackedCanvas')}
  0x00007f7d4e08b460: 0148 ba38 | e820 167d | 7f00 008b | 8a90 0000 | 0083 c102 | 898a 9000 | 0000 81e1 | feff 1f00 
  0x00007f7d4e08b480: 85c9 0f84 | 7207 0000 

  0x00007f7d4e08b488: ;   {metadata(method data for {method} {0x00007f7d15497ed8} '<init>' '(Lorg/jetbrains/skia/Canvas;)V' in 'androidx/compose/ui/graphics/SkiaBackedCanvas')}
  0x00007f7d4e08b488: 488b d048 | b938 e820 | 167d 7f00 | 0048 8381 | d800 0000 

  0x00007f7d4e08b49c: ;   {metadata(method data for {method} {0x000000004ab1ce40} '<init>' '()V' in 'java/lang/Object')}
  0x00007f7d4e08b49c: 0148 ba30 | a500 147d | 7f00 008b | 8a90 0000 | 0083 c102 | 898a 9000 | 0000 81e1 | feff 1f00 
  0x00007f7d4e08b4bc: 85c9 0f84 | 5707 0000 | 410f be57 | 4885 d20f | 856b 0700 | 0048 8b94 | 24b0 0000 | 004c 8bd2 
  0x00007f7d4e08b4dc: 49c1 ea03 | 4489 5010 | 488b c848 | 33ca 48c1 | e916 4883 | f900 0f85 | 6307 0000 | c740 0c00 
  0x00007f7d4e08b4fc: 0080 3f48 | 8bbc 24e0 | 0000 0048 | 3b07 488b 

  0x00007f7d4e08b50c: ;   {metadata(method data for {method} {0x00007f7d14a16ba0} 'onRender$lambda$0$0' '(Landroidx/compose/ui/scene/ComposeSceneMediator;Lorg/jetbrains/skia/Canvas;J)Lkotlin/Unit;' in 'androidx/compose/ui/scene/ComposeSceneMediator')}
  0x00007f7d4e08b50c: cf48 be38 | c868 167d | 7f00 008b | 4908 41ba | 0000 004a | 4903 ca48 | 3b8e 9803 | 0000 750d 
  0x00007f7d4e08b52c: 4883 86a0 | 0300 0001 | e960 0000 | 0048 3b8e | a803 0000 | 750d 4883 | 86b0 0300 | 0001 e94a 
  0x00007f7d4e08b54c: 0000 0048 | 83be 9803 | 0000 0075 | 1748 898e | 9803 0000 | 48c7 86a0 | 0300 0001 | 0000 00e9 
  0x00007f7d4e08b56c: 2900 0000 | 4883 bea8 | 0300 0000 | 7517 4889 | 8ea8 0300 | 0048 c786 | b003 0000 | 0100 0000 
  0x00007f7d4e08b58c: e908 0000 | 0048 8386 | 9003 0000 | 0149 8bd0 | 498b c94c | 8bc0 4c8b | 8c24 b800 | 0000 488b 
  0x00007f7d4e08b5ac: ;   {optimized virtual_call}
  0x00007f7d4e08b5ac: f766 90e8 

  0x00007f7d4e08b5b0: ; ImmutableOopMap {[176]=Oop }
                      ;*invokevirtual render {reexecute=0 rethrow=0 return_oop=0}
                      ; - androidx.compose.ui.scene.ComposeSceneMediator::onRender$lambda$0$0@247 (line 733)
  0x00007f7d4e08b5b0: ec89 e8ff 

  0x00007f7d4e08b5b4: ;   {post_call_nop}
  0x00007f7d4e08b5b4: 0f1f 8400 | 2c14 0007 | 488b 9424 | b000 0000 

  0x00007f7d4e08b5c4: ;   {metadata(method data for {method} {0x00007f7d14a16ba0} 'onRender$lambda$0$0' '(Landroidx/compose/ui/scene/ComposeSceneMediator;Lorg/jetbrains/skia/Canvas;J)Lkotlin/Unit;' in 'androidx/compose/ui/scene/ComposeSceneMediator')}
  0x00007f7d4e08b5c4: 48be 38c8 | 6816 7d7f | 0000 8b52 | 0841 ba00 | 0000 4a49 | 03d2 483b | 96c8 0300 | 0075 0d48 
  0x00007f7d4e08b5e4: 8386 d003 | 0000 01e9 | 6000 0000 | 483b 96d8 | 0300 0075 | 0d48 8386 | e003 0000 | 01e9 4a00 
  0x00007f7d4e08b604: 0000 4883 | bec8 0300 | 0000 7517 | 4889 96c8 | 0300 0048 | c786 d003 | 0000 0100 | 0000 e929 
  0x00007f7d4e08b624: 0000 0048 | 83be d803 | 0000 0075 | 1748 8996 | d803 0000 | 48c7 86e0 | 0300 0001 | 0000 00e9 
  0x00007f7d4e08b644: 0800 0000 | 4883 86c0 | 0300 0001 

  0x00007f7d4e08b650: ;   {metadata(method data for {method} {0x00007f7d14b55998} 'restore' '()Lorg/jetbrains/skia/Canvas;' in 'org/jetbrains/skia/Canvas')}
  0x00007f7d4e08b650: 48be c07d | c715 7d7f | 0000 8bbe | 9000 0000 | 83c7 0289 | be90 0000 | 0081 e7fe | ff1f 0085 
  0x00007f7d4e08b670: ff0f 8401 

  0x00007f7d4e08b674: ;   {oop(a 'org/jetbrains/skia/impl/Stats'{0x0000000619589168})}
  0x00007f7d4e08b674: 0600 0048 | be68 9158 | 1906 0000 | 0048 8bfe 

  0x00007f7d4e08b684: ;   {metadata(method data for {method} {0x00007f7d14b55998} 'restore' '()Lorg/jetbrains/skia/Canvas;' in 'org/jetbrains/skia/Canvas')}
  0x00007f7d4e08b684: 48bb c07d | c715 7d7f | 0000 8b7f | 0841 ba00 | 0000 4a49 | 03fa 483b | bbe0 0000 | 0075 0d48 
  0x00007f7d4e08b6a4: 8383 e800 | 0000 01e9 | 6000 0000 | 483b bbf0 | 0000 0075 | 0d48 8383 | f800 0000 | 01e9 4a00 
  0x00007f7d4e08b6c4: 0000 4883 | bbe0 0000 | 0000 7517 | 4889 bbe0 | 0000 0048 | c783 e800 | 0000 0100 | 0000 e929 
  0x00007f7d4e08b6e4: 0000 0048 | 83bb f000 | 0000 0075 | 1748 89bb | f000 0000 | 48c7 83f8 | 0000 0001 | 0000 00e9 
  0x00007f7d4e08b704: 0800 0000 | 4883 83d8 | 0000 0001 | 0f1f 8000 

  0x00007f7d4e08b714: ;   {optimized virtual_call}
  0x00007f7d4e08b714: 0000 00e8 

  0x00007f7d4e08b718: ; ImmutableOopMap {[176]=Oop }
                      ;*invokevirtual onNativeCall {reexecute=0 rethrow=0 return_oop=0}
                      ; - org.jetbrains.skia.Canvas::restore@3 (line 1542)
                      ; - androidx.compose.ui.scene.ComposeSceneMediator::onRender$lambda$0$0@256 (line 1170)
  0x00007f7d4e08b718: f472 0307 

  0x00007f7d4e08b71c: ;   {post_call_nop}
  0x00007f7d4e08b71c: 0f1f 8400 | 9415 0008 | 488b 9424 | b000 0000 

  0x00007f7d4e08b72c: ;   {metadata(method data for {method} {0x00007f7d14b55998} 'restore' '()Lorg/jetbrains/skia/Canvas;' in 'org/jetbrains/skia/Canvas')}
  0x00007f7d4e08b72c: 48be c07d | c715 7d7f | 0000 8b52 | 0841 ba00 | 0000 4a49 | 03d2 483b | 9610 0100 | 0075 0d48 
  0x00007f7d4e08b74c: 8386 1801 | 0000 01e9 | 6000 0000 | 483b 9620 | 0100 0075 | 0d48 8386 | 2801 0000 | 01e9 4a00 
  0x00007f7d4e08b76c: 0000 4883 | be10 0100 | 0000 7517 | 4889 9610 | 0100 0048 | c786 1801 | 0000 0100 | 0000 e929 
  0x00007f7d4e08b78c: 0000 0048 | 83be 2001 | 0000 0075 | 1748 8996 | 2001 0000 | 48c7 8628 | 0100 0001 | 0000 00e9 
  0x00007f7d4e08b7ac: 0800 0000 | 4883 8608 | 0100 0001 | 488b 9424 | b000 0000 | 488b 7210 

  0x00007f7d4e08b7c4: ;   {metadata(method data for {method} {0x00007f7d14b55998} 'restore' '()Lorg/jetbrains/skia/Canvas;' in 'org/jetbrains/skia/Canvas')}
  0x00007f7d4e08b7c4: 48bf c07d | c715 7d7f | 0000 4883 | 8738 0100 

  0x00007f7d4e08b7d4: ;   {metadata(method data for {method} {0x00007f7d15494088} 'access$_nRestore' '(J)V' in 'org/jetbrains/skia/CanvasKt')}
  0x00007f7d4e08b7d4: 0001 48bf | 0080 c715 | 7d7f 0000 | 8b9f 9000 | 0000 83c3 | 0289 9f90 | 0000 0081 | e3fe ff1f 
  0x00007f7d4e08b7f4: 0085 db0f | 849c 0400 

  0x00007f7d4e08b7fc: ;   {metadata(method data for {method} {0x00007f7d15494088} 'access$_nRestore' '(J)V' in 'org/jetbrains/skia/CanvasKt')}
  0x00007f7d4e08b7fc: 0048 bf00 | 80c7 157d | 7f00 0048 | 8387 d800 

  0x00007f7d4e08b80c: ;   {static_call}
  0x00007f7d4e08b80c: 0000 01e8 

  0x00007f7d4e08b810: ; ImmutableOopMap {[176]=Oop }
                      ;*invokestatic _nRestore {reexecute=0 rethrow=0 return_oop=0}
                      ; - org.jetbrains.skia.CanvasKt::access$_nRestore@1 (line 1)
                      ; - org.jetbrains.skia.Canvas::restore@10 (line 1543)
                      ; - androidx.compose.ui.scene.ComposeSceneMediator::onRender$lambda$0$0@256 (line 1170)
  0x00007f7d4e08b810: 7c3b 0307 

  0x00007f7d4e08b814: ;   {post_call_nop}
  0x00007f7d4e08b814: 0f1f 8400 | 8c16 0009 

  0x00007f7d4e08b81c: ;   {oop(a 'kotlin/Unit'{0x0000000619445c18})}
  0x00007f7d4e08b81c: 48b8 185c | 4419 0600 | 0000 4881 | c400 0100 

  0x00007f7d4e08b82c: ;   {poll_return}
  0x00007f7d4e08b82c: 005d 493b | 6728 0f87 | 8204 0000 | c348 8bb4 | 24a8 0000 | 0049 8b87 | e005 0000 | 4d33 d24d 
  0x00007f7d4e08b84c: 8997 e005 | 0000 4d33 | d24d 8997 | e805 0000 | 488b bc24 | d800 0000 | 488b 8c24 | b800 0000 
  0x00007f7d4e08b86c: 488b 9424 | b000 0000 

  0x00007f7d4e08b874: ;   {metadata(method data for {method} {0x00007f7d14b552f8} 'save' '()I' in 'org/jetbrains/skia/Canvas')}
  0x00007f7d4e08b874: 48bb 7879 | c715 7d7f | 0000 4883 | 8370 0100 

  0x00007f7d4e08b884: ;   {metadata(method data for {method} {0x00007f7d14d803c8} 'reachabilityBarrier' '(Ljava/lang/Object;)V' in 'org/jetbrains/skia/impl/Native_jvmKt')}
  0x00007f7d4e08b884: 0001 48bb | 8870 5015 | 7d7f 0000 | 448b 8390 | 0000 0041 | 83c0 0244 | 8983 9000 | 0000 4181 
  0x00007f7d4e08b8a4: e0fe ff1f | 0045 85c0 | 0f84 1e04 

  0x00007f7d4e08b8b0: ;   {metadata(method data for {method} {0x00007f7d14d803c8} 'reachabilityBarrier' '(Ljava/lang/Object;)V' in 'org/jetbrains/skia/impl/Native_jvmKt')}
  0x00007f7d4e08b8b0: 0000 48bb | 8870 5015 | 7d7f 0000 | 4883 83d8 | 0000 0001 

  0x00007f7d4e08b8c4: ;   {metadata(method data for {method} {0x000000004a387b80} 'reachabilityFence' '(Ljava/lang/Object;)V' in 'java/lang/ref/Reference')}
  0x00007f7d4e08b8c4: 48bb 30c1 | 0214 7d7f | 0000 448b | 8390 0000 | 0041 83c0 | 0244 8983 | 9000 0000 | 4181 e0fe 
  0x00007f7d4e08b8e4: ff1f 0045 | 85c0 0f84 | 0104 0000 | e93a 0400 

  0x00007f7d4e08b8f4: ;   {metadata({method} {0x00007f7d14a16ba0} 'onRender$lambda$0$0' '(Landroidx/compose/ui/scene/ComposeSceneMediator;Lorg/jetbrains/skia/Canvas;J)Lkotlin/Unit;' in 'androidx/compose/ui/scene/ComposeSceneMediator')}
  0x00007f7d4e08b8f4: 0049 baa0 | 6ba1 147d | 7f00 004c | 8954 2408 | 48c7 0424 | ffff ffff 

  0x00007f7d4e08b90c: ;   {runtime_call C1 Runtime counter_overflow_blob}
  0x00007f7d4e08b90c: e84f 4090 

  0x00007f7d4e08b910: ; ImmutableOopMap {rsi=Oop rdx=Oop [168]=Oop [176]=Oop }
                      ;*synchronization entry
                      ; - androidx.compose.ui.scene.ComposeSceneMediator::onRender$lambda$0$0@-1 (line 731)
  0x00007f7d4e08b910: 06e9 c0e9 

  0x00007f7d4e08b914: ;   {runtime_call C1 Runtime throw_null_pointer_exception_blob}
  0x00007f7d4e08b914: ffff e845 

  0x00007f7d4e08b918: ; ImmutableOopMap {rsi=Oop rdx=Oop [168]=Oop [176]=Oop }
                      ;*getfield sceneBoundsInPx {reexecute=1 rethrow=0 return_oop=0}
                      ; - (reexecute) androidx.compose.ui.scene.ComposeSceneMediator::onRender$lambda$0$0@11 (line 1152)
                      ;   {runtime_call C1 Runtime throw_null_pointer_exception_blob}
  0x00007f7d4e08b918: c48f 06e8 

  0x00007f7d4e08b91c: ; ImmutableOopMap {rdi=Oop [168]=Oop [176]=Oop }
                      ;*invokevirtual getTopLeft-F1C5BW0 {reexecute=0 rethrow=0 return_oop=0}
                      ; - androidx.compose.ui.scene.ComposeSceneMediator::onRender$lambda$0$0@18 (line 1152)
  0x00007f7d4e08b91c: 40c4 8f06 

  0x00007f7d4e08b920: ;   {metadata({method} {0x00007f7d14f0ef18} 'getZero-F1C5BW0' '()J' in 'androidx/compose/ui/geometry/Offset$Companion')}
  0x00007f7d4e08b920: 49ba 18ef | f014 7d7f | 0000 4c89 | 5424 0848 | c704 24ff 

  0x00007f7d4e08b934: ;   {runtime_call C1 Runtime counter_overflow_blob}
  0x00007f7d4e08b934: ffff ffe8 

  0x00007f7d4e08b938: ; ImmutableOopMap {[168]=Oop [176]=Oop }
                      ;*synchronization entry
                      ; - androidx.compose.ui.geometry.Offset$Companion::getZero-F1C5BW0@-1 (line 85)
                      ; - androidx.compose.ui.scene.ComposeSceneMediator::onRender$lambda$0$0@28 (line 1152)
  0x00007f7d4e08b938: 2440 9006 | e94d ebff 

  0x00007f7d4e08b940: ;   {metadata({method} {0x00007f7d14f0e478} 'access$getZero$cp' '()J' in 'androidx/compose/ui/geometry/Offset')}
  0x00007f7d4e08b940: ff49 ba78 | e4f0 147d | 7f00 004c | 8954 2408 | 48c7 0424 | ffff ffff 

  0x00007f7d4e08b958: ;   {runtime_call C1 Runtime counter_overflow_blob}
  0x00007f7d4e08b958: e803 4090 

  0x00007f7d4e08b95c: ; ImmutableOopMap {[168]=Oop [176]=Oop }
                      ;*synchronization entry
                      ; - androidx.compose.ui.geometry.Offset::access$getZero$cp@-1 (line 60)
                      ; - androidx.compose.ui.geometry.Offset$Companion::getZero-F1C5BW0@0 (line 85)
                      ; - androidx.compose.ui.scene.ComposeSceneMediator::onRender$lambda$0$0@28 (line 1152)
  0x00007f7d4e08b95c: 06e9 65eb 

  0x00007f7d4e08b960: ;   {metadata({method} {0x00007f7d14a114c0} 'getContentComponent' '()Ljavax/swing/JComponent;' in 'androidx/compose/ui/scene/ComposeSceneMediator')}
  0x00007f7d4e08b960: ffff 49ba | c014 a114 | 7d7f 0000 | 4c89 5424 | 0848 c704 | 24ff ffff 

  0x00007f7d4e08b978: ;   {runtime_call C1 Runtime counter_overflow_blob}
  0x00007f7d4e08b978: ffe8 e23f 

  0x00007f7d4e08b97c: ; ImmutableOopMap {rsi=Oop [168]=Oop [176]=Oop }
                      ;*synchronization entry
                      ; - androidx.compose.ui.scene.ComposeSceneMediator::getContentComponent@-1 (line 181)
                      ; - androidx.compose.ui.scene.ComposeSceneMediator::onRender$lambda$0$0@35 (line 1154)
  0x00007f7d4e08b97c: 9006 e90f 

  0x00007f7d4e08b980: ;   {runtime_call C1 Runtime throw_incompatible_class_change_error_blob}
  0x00007f7d4e08b980: ecff ffe8 

  0x00007f7d4e08b984: ; ImmutableOopMap {rsi=Oop rdi=Oop [168]=Oop [176]=Oop }
                      ;*invokeinterface getHierarchyRoot {reexecute=0 rethrow=0 return_oop=0}
                      ; - androidx.compose.ui.scene.ComposeSceneMediator::getContentComponent@4 (line 181)
                      ; - androidx.compose.ui.scene.ComposeSceneMediator::onRender$lambda$0$0@35 (line 1154)
  0x00007f7d4e08b984: 58ff 8f06 

  0x00007f7d4e08b988: ;   {runtime_call C1 Runtime throw_null_pointer_exception_blob}
  0x00007f7d4e08b988: e8d3 c38f 

  0x00007f7d4e08b98c: ; ImmutableOopMap {rsi=Oop rdi=Oop [168]=Oop [176]=Oop }
                      ;*invokeinterface getHierarchyRoot {reexecute=0 rethrow=0 return_oop=0}
                      ; - androidx.compose.ui.scene.ComposeSceneMediator::getContentComponent@4 (line 181)
                      ; - androidx.compose.ui.scene.ComposeSceneMediator::onRender$lambda$0$0@35 (line 1154)
                      ;   {metadata({method} {0x00007f7d14ae2188} 'getHierarchyRoot' '()Ljavax/swing/JComponent;' in 'androidx/compose/ui/scene/skia/SwingSkiaLayerComponent')}
  0x00007f7d4e08b98c: 0649 ba88 | 21ae 147d | 7f00 004c | 8954 2408 | 48c7 0424 | ffff ffff 

  0x00007f7d4e08b9a4: ;   {runtime_call C1 Runtime counter_overflow_blob}
  0x00007f7d4e08b9a4: e8b7 3f90 

  0x00007f7d4e08b9a8: ; ImmutableOopMap {rsi=Oop rdi=Oop [168]=Oop [176]=Oop }
                      ;*synchronization entry
                      ; - androidx.compose.ui.scene.skia.SwingSkiaLayerComponent::getHierarchyRoot@-1 (line 37)
                      ; - androidx.compose.ui.scene.ComposeSceneMediator::getContentComponent@4 (line 181)
                      ; - androidx.compose.ui.scene.ComposeSceneMediator::onRender$lambda$0$0@35 (line 1154)
  0x00007f7d4e08b9a8: 06e9 5aec 

  0x00007f7d4e08b9ac: ;   {metadata({method} {0x00007f7d148b3c20} 'getDensity' '(Ljava/awt/Component;)Landroidx/compose/ui/unit/Density;' in 'androidx/compose/ui/window/LayoutConfiguration_desktopKt')}
  0x00007f7d4e08b9ac: ffff 49ba | 203c 8b14 | 7d7f 0000 | 4c89 5424 | 0848 c704 | 24ff ffff 

  0x00007f7d4e08b9c4: ;   {runtime_call C1 Runtime counter_overflow_blob}
  0x00007f7d4e08b9c4: ffe8 963f 

  0x00007f7d4e08b9c8: ; ImmutableOopMap {rsi=Oop rdi=Oop [168]=Oop [176]=Oop }
                      ;*synchronization entry
                      ; - androidx.compose.ui.window.LayoutConfiguration_desktopKt::getDensity@-1 (line 43)
                      ; - androidx.compose.ui.scene.ComposeSceneMediator::onRender$lambda$0$0@48 (line 1155)
  0x00007f7d4e08b9c8: 9006 e908 

  0x00007f7d4e08b9cc: ;   {runtime_call C1 Runtime throw_null_pointer_exception_blob}
  0x00007f7d4e08b9cc: edff ffe8 

  0x00007f7d4e08b9d0: ; ImmutableOopMap {rsi=Oop rdi=Oop [168]=Oop [176]=Oop }
                      ;*invokevirtual getGraphicsConfiguration {reexecute=0 rethrow=0 return_oop=0}
                      ; - androidx.compose.ui.window.LayoutConfiguration_desktopKt::getDensity@1 (line 43)
                      ; - androidx.compose.ui.scene.ComposeSceneMediator::onRender$lambda$0$0@48 (line 1155)
  0x00007f7d4e08b9d0: 8cc3 8f06 

  0x00007f7d4e08b9d4: ;   {metadata({method} {0x00007f7d141d9270} 'getGraphicsConfiguration' '()Ljava/awt/GraphicsConfiguration;' in 'java/awt/Component')}
  0x00007f7d4e08b9d4: 49ba 7092 | 1d14 7d7f | 0000 4c89 | 5424 0848 | c704 24ff 

  0x00007f7d4e08b9e8: ;   {runtime_call C1 Runtime counter_overflow_blob}
  0x00007f7d4e08b9e8: ffff ffe8 

  0x00007f7d4e08b9ec: ; ImmutableOopMap {rsi=Oop rdi=Oop [168]=Oop [176]=Oop }
                      ;*synchronization entry
                      ; - java.awt.Component::getGraphicsConfiguration@-1 (line 1150)
                      ; - androidx.compose.ui.window.LayoutConfiguration_desktopKt::getDensity@1 (line 43)
                      ; - androidx.compose.ui.scene.ComposeSceneMediator::onRender$lambda$0$0@48 (line 1155)
  0x00007f7d4e08b9ec: 703f 9006 | e99b edff 

  0x00007f7d4e08b9f4: ;   {metadata({method} {0x00007f7d148b3e18} 'getDensity' '(Ljava/awt/GraphicsConfiguration;)Landroidx/compose/ui/unit/Density;' in 'androidx/compose/ui/window/LayoutConfiguration_desktopKt')}
  0x00007f7d4e08b9f4: ff49 ba18 | 3e8b 147d | 7f00 004c | 8954 2408 | 48c7 0424 | ffff ffff 

  0x00007f7d4e08ba0c: ;   {runtime_call C1 Runtime counter_overflow_blob}
  0x00007f7d4e08ba0c: e84f 3f90 

  0x00007f7d4e08ba10: ; ImmutableOopMap {rsi=Oop rdi=Oop rbx=Oop [168]=Oop [176]=Oop }
                      ;*synchronization entry
                      ; - androidx.compose.ui.window.LayoutConfiguration_desktopKt::getDensity@-1 (line 49)
                      ; - androidx.compose.ui.window.LayoutConfiguration_desktopKt::getDensity@4 (line 43)
                      ; - androidx.compose.ui.scene.ComposeSceneMediator::onRender$lambda$0$0@48 (line 1155)
  0x00007f7d4e08ba10: 06e9 4eee 

  0x00007f7d4e08ba14: ;   {runtime_call C1 Runtime throw_null_pointer_exception_blob}
  0x00007f7d4e08ba14: ffff e845 

  0x00007f7d4e08ba18: ; ImmutableOopMap {rsi=Oop rdi=Oop rbx=Oop [168]=Oop [176]=Oop }
                      ;*invokevirtual getDefaultTransform {reexecute=0 rethrow=0 return_oop=0}
                      ; - androidx.compose.ui.window.LayoutConfiguration_desktopKt::getDensity@1 (line 49)
                      ; - androidx.compose.ui.window.LayoutConfiguration_desktopKt::getDensity@4 (line 43)
                      ; - androidx.compose.ui.scene.ComposeSceneMediator::onRender$lambda$0$0@48 (line 1155)
                      ;   {runtime_call C1 Runtime throw_null_pointer_exception_blob}
  0x00007f7d4e08ba18: c38f 06e8 

  0x00007f7d4e08ba1c: ; ImmutableOopMap {rax=Oop [168]=Oop [176]=Oop [192]=Oop }
                      ;*invokevirtual getScaleX {reexecute=0 rethrow=0 return_oop=0}
                      ; - androidx.compose.ui.window.LayoutConfiguration_desktopKt::getDensity@4 (line 49)
                      ; - androidx.compose.ui.window.LayoutConfiguration_desktopKt::getDensity@4 (line 43)
                      ; - androidx.compose.ui.scene.ComposeSceneMediator::onRender$lambda$0$0@48 (line 1155)
  0x00007f7d4e08ba1c: 40c3 8f06 

  0x00007f7d4e08ba20: ;   {metadata({method} {0x00007f7d14bd0968} 'Density' '(FF)Landroidx/compose/ui/unit/Density;' in 'androidx/compose/ui/unit/DensityKt')}
  0x00007f7d4e08ba20: 49ba 6809 | bd14 7d7f | 0000 4c89 | 5424 0848 | c704 24ff 

  0x00007f7d4e08ba34: ;   {runtime_call C1 Runtime counter_overflow_blob}
  0x00007f7d4e08ba34: ffff ffe8 

  0x00007f7d4e08ba38: ; ImmutableOopMap {[168]=Oop [176]=Oop [192]=Oop }
                      ;*synchronization entry
                      ; - androidx.compose.ui.unit.DensityKt::Density@-1 (line 34)
                      ; - androidx.compose.ui.window.LayoutConfiguration_desktopKt::getDensity@9 (line 48)
                      ; - androidx.compose.ui.window.LayoutConfiguration_desktopKt::getDensity@4 (line 43)
                      ; - androidx.compose.ui.scene.ComposeSceneMediator::onRender$lambda$0$0@48 (line 1155)
  0x00007f7d4e08ba38: 243f 9006 | e935 efff | ff48 8bd2 

  0x00007f7d4e08ba44: ;   {runtime_call C1 Runtime fast_new_instance_blob}
  0x00007f7d4e08ba44: e817 d88f 

  0x00007f7d4e08ba48: ; ImmutableOopMap {[168]=Oop [176]=Oop [192]=Oop }
                      ;*new {reexecute=0 rethrow=0 return_oop=0}
                      ; - androidx.compose.ui.unit.DensityKt::Density@0 (line 34)
                      ; - androidx.compose.ui.window.LayoutConfiguration_desktopKt::getDensity@9 (line 48)
                      ; - androidx.compose.ui.window.LayoutConfiguration_desktopKt::getDensity@4 (line 43)
                      ; - androidx.compose.ui.scene.ComposeSceneMediator::onRender$lambda$0$0@48 (line 1155)
  0x00007f7d4e08ba48: 06e9 74ef 

  0x00007f7d4e08ba4c: ;   {metadata({method} {0x00007f7d14bd4ba8} '<init>' '(FF)V' in 'androidx/compose/ui/unit/DensityImpl')}
  0x00007f7d4e08ba4c: ffff 49ba | a84b bd14 | 7d7f 0000 | 4c89 5424 | 0848 c704 | 24ff ffff 

  0x00007f7d4e08ba64: ;   {runtime_call C1 Runtime counter_overflow_blob}
  0x00007f7d4e08ba64: ffe8 f63e 

  0x00007f7d4e08ba68: ; ImmutableOopMap {rax=Oop [168]=Oop [176]=Oop [192]=Oop }
                      ;*synchronization entry
                      ; - androidx.compose.ui.unit.DensityImpl::<init>@-1 (line 36)
                      ; - androidx.compose.ui.unit.DensityKt::Density@6 (line 34)
                      ; - androidx.compose.ui.window.LayoutConfiguration_desktopKt::getDensity@9 (line 48)
                      ; - androidx.compose.ui.window.LayoutConfiguration_desktopKt::getDensity@4 (line 43)
                      ; - androidx.compose.ui.scene.ComposeSceneMediator::onRender$lambda$0$0@48 (line 1155)
  0x00007f7d4e08ba68: 9006 e98f 

  0x00007f7d4e08ba6c: ;   {metadata({method} {0x000000004ab1ce40} '<init>' '()V' in 'java/lang/Object')}
  0x00007f7d4e08ba6c: efff ff49 | ba40 ceb1 | 4a00 0000 | 004c 8954 | 2408 48c7 | 0424 ffff 

  0x00007f7d4e08ba84: ;   {runtime_call C1 Runtime counter_overflow_blob}
  0x00007f7d4e08ba84: ffff e8d5 

  0x00007f7d4e08ba88: ; ImmutableOopMap {rax=Oop [168]=Oop [176]=Oop [192]=Oop }
                      ;*synchronization entry
                      ; - java.lang.Object::<init>@-1 (line 44)
                      ; - androidx.compose.ui.unit.DensityImpl::<init>@1 (line 36)
                      ; - androidx.compose.ui.unit.DensityKt::Density@6 (line 34)
                      ; - androidx.compose.ui.window.LayoutConfiguration_desktopKt::getDensity@9 (line 48)
                      ; - androidx.compose.ui.window.LayoutConfiguration_desktopKt::getDensity@4 (line 43)
                      ; - androidx.compose.ui.scene.ComposeSceneMediator::onRender$lambda$0$0@48 (line 1155)
  0x00007f7d4e08ba88: 3e90 06e9 | aaef ffff 

  0x00007f7d4e08ba90: ;   {metadata({method} {0x00007f7d142ad448} 'getX' '()I' in 'javax/swing/JComponent')}
  0x00007f7d4e08ba90: 49ba 48d4 | 2a14 7d7f | 0000 4c89 | 5424 0848 | c704 24ff 

  0x00007f7d4e08baa4: ;   {runtime_call C1 Runtime counter_overflow_blob}
  0x00007f7d4e08baa4: ffff ffe8 

  0x00007f7d4e08baa8: ; ImmutableOopMap {[168]=Oop [176]=Oop [192]=Oop }
                      ;*synchronization entry
                      ; - javax.swing.JComponent::getX@-1 (line 4393)
                      ; - androidx.compose.ui.scene.ComposeSceneMediator::onRender$lambda$0$0@60 (line 1156)
  0x00007f7d4e08baa8: b43e 9006 | e973 f0ff 

  0x00007f7d4e08bab0: ;   {metadata({method} {0x00007f7d142ad528} 'getY' '()I' in 'javax/swing/JComponent')}
  0x00007f7d4e08bab0: ff49 ba28 | d52a 147d | 7f00 004c | 8954 2408 | 48c7 0424 | ffff ffff 

  0x00007f7d4e08bac8: ;   {runtime_call C1 Runtime counter_overflow_blob}
  0x00007f7d4e08bac8: e893 3e90 

  0x00007f7d4e08bacc: ; ImmutableOopMap {rdi=Oop [168]=Oop [176]=Oop }
                      ;*synchronization entry
                      ; - javax.swing.JComponent::getY@-1 (line 4406)
                      ; - androidx.compose.ui.scene.ComposeSceneMediator::onRender$lambda$0$0@71 (line 1156)
  0x00007f7d4e08bacc: 06e9 35f1 

  0x00007f7d4e08bad0: ;   {metadata({method} {0x00007f7d14f0e168} 'constructor-impl' '(J)J' in 'androidx/compose/ui/geometry/Offset')}
  0x00007f7d4e08bad0: ffff 49ba | 68e1 f014 | 7d7f 0000 | 4c89 5424 | 0848 c704 | 24ff ffff 

  0x00007f7d4e08bae8: ;   {runtime_call C1 Runtime counter_overflow_blob}
  0x00007f7d4e08bae8: ffe8 723e 

  0x00007f7d4e08baec: ; ImmutableOopMap {[168]=Oop [176]=Oop }
                      ;*synchronization entry
                      ; - androidx.compose.ui.geometry.Offset::constructor-impl@-1
                      ; - androidx.compose.ui.scene.ComposeSceneMediator::onRender$lambda$0$0@122 (line 1157)
  0x00007f7d4e08baec: 9006 e9cd 

  0x00007f7d4e08baf0: ;   {runtime_call C1 Runtime throw_null_pointer_exception_blob}
  0x00007f7d4e08baf0: f1ff ffe8 

  0x00007f7d4e08baf4: ; ImmutableOopMap {rdx=Oop [168]=Oop [176]=Oop }
                      ;*invokevirtual save {reexecute=0 rethrow=0 return_oop=0}
                      ; - androidx.compose.ui.scene.ComposeSceneMediator::onRender$lambda$0$0@140 (line 1162)
  0x00007f7d4e08baf4: 68c2 8f06 

  0x00007f7d4e08baf8: ;   {metadata({method} {0x00007f7d14b552f8} 'save' '()I' in 'org/jetbrains/skia/Canvas')}
  0x00007f7d4e08baf8: 49ba f852 | b514 7d7f | 0000 4c89 | 5424 0848 | c704 24ff 

  0x00007f7d4e08bb0c: ;   {runtime_call C1 Runtime counter_overflow_blob}
  0x00007f7d4e08bb0c: ffff ffe8 

  0x00007f7d4e08bb10: ; ImmutableOopMap {rdx=Oop [168]=Oop [176]=Oop }
                      ;*synchronization entry
                      ; - org.jetbrains.skia.Canvas::save@-1 (line 1429)
                      ; - androidx.compose.ui.scene.ComposeSceneMediator::onRender$lambda$0$0@140 (line 1162)
  0x00007f7d4e08bb10: 4c3e 9006 | e994 f2ff 

  0x00007f7d4e08bb18: ;   {metadata({method} {0x00007f7d15493b08} 'access$_nSave' '(J)I' in 'org/jetbrains/skia/CanvasKt')}
  0x00007f7d4e08bb18: ff49 ba08 | 3b49 157d | 7f00 004c | 8954 2408 | 48c7 0424 | ffff ffff 

  0x00007f7d4e08bb30: ;   {runtime_call C1 Runtime counter_overflow_blob}
  0x00007f7d4e08bb30: e82b 3e90 

  0x00007f7d4e08bb34: ; ImmutableOopMap {rdx=Oop [168]=Oop [176]=Oop }
                      ;*synchronization entry
                      ; - org.jetbrains.skia.CanvasKt::access$_nSave@-1
                      ; - org.jetbrains.skia.Canvas::save@11 (line 1431)
                      ; - androidx.compose.ui.scene.ComposeSceneMediator::onRender$lambda$0$0@140 (line 1162)
  0x00007f7d4e08bb34: 06e9 fbf3 

  0x00007f7d4e08bb38: ;   {metadata({method} {0x00007f7d14d803c8} 'reachabilityBarrier' '(Ljava/lang/Object;)V' in 'org/jetbrains/skia/impl/Native_jvmKt')}
  0x00007f7d4e08bb38: ffff 49ba | c803 d814 | 7d7f 0000 | 4c89 5424 | 0848 c704 | 24ff ffff 

  0x00007f7d4e08bb50: ;   {runtime_call C1 Runtime counter_overflow_blob}
  0x00007f7d4e08bb50: ffe8 0a3e 

  0x00007f7d4e08bb54: ; ImmutableOopMap {[168]=Oop [176]=Oop }
                      ;*synchronization entry
                      ; - org.jetbrains.skia.impl.Native_jvmKt::reachabilityBarrier@-1 (line 47)
                      ; - org.jetbrains.skia.Canvas::save@16 (line 1433)
                      ; - androidx.compose.ui.scene.ComposeSceneMediator::onRender$lambda$0$0@140 (line 1162)
  0x00007f7d4e08bb54: 9006 e932 

  0x00007f7d4e08bb58: ;   {metadata({method} {0x000000004a387b80} 'reachabilityFence' '(Ljava/lang/Object;)V' in 'java/lang/ref/Reference')}
  0x00007f7d4e08bb58: f4ff ff49 | ba80 7b38 | 4a00 0000 | 004c 8954 | 2408 48c7 | 0424 ffff 

  0x00007f7d4e08bb70: ;   {runtime_call C1 Runtime counter_overflow_blob}
  0x00007f7d4e08bb70: ffff e8e9 

  0x00007f7d4e08bb74: ; ImmutableOopMap {[168]=Oop [176]=Oop }
                      ;*synchronization entry
                      ; - java.lang.ref.Reference::reachabilityFence@-1 (line 669)
                      ; - org.jetbrains.skia.impl.Native_jvmKt::reachabilityBarrier@1 (line 47)
                      ; - org.jetbrains.skia.Canvas::save@16 (line 1433)
                      ; - androidx.compose.ui.scene.ComposeSceneMediator::onRender$lambda$0$0@140 (line 1162)
  0x00007f7d4e08bb74: 3d90 06e9 | 4af4 ffff 

  0x00007f7d4e08bb7c: ;   {metadata({method} {0x00007f7d14a17ad8} 'access$getScene' '(Landroidx/compose/ui/scene/ComposeSceneMediator;)Landroidx/compose/ui/scene/ComposeScene;' in 'androidx/compose/ui/scene/ComposeSceneMediator')}
  0x00007f7d4e08bb7c: 49ba d87a | a114 7d7f | 0000 4c89 | 5424 0848 | c704 24ff 

  0x00007f7d4e08bb90: ;   {runtime_call C1 Runtime counter_overflow_blob}
  0x00007f7d4e08bb90: ffff ffe8 

  0x00007f7d4e08bb94: ; ImmutableOopMap {rsi=Oop rdi=Oop [168]=Oop [176]=Oop }
                      ;*synchronization entry
                      ; - androidx.compose.ui.scene.ComposeSceneMediator::access$getScene@-1
                      ; - androidx.compose.ui.scene.ComposeSceneMediator::onRender$lambda$0$0@234 (line 733)
  0x00007f7d4e08bb94: c83d 9006 | e9a8 f5ff 

  0x00007f7d4e08bb9c: ;   {metadata({method} {0x00007f7d14a12468} 'getScene' '()Landroidx/compose/ui/scene/ComposeScene;' in 'androidx/compose/ui/scene/ComposeSceneMediator')}
  0x00007f7d4e08bb9c: ff49 ba68 | 24a1 147d | 7f00 004c | 8954 2408 | 48c7 0424 | ffff ffff 

  0x00007f7d4e08bbb4: ;   {runtime_call C1 Runtime counter_overflow_blob}
  0x00007f7d4e08bbb4: e8a7 3d90 

  0x00007f7d4e08bbb8: ; ImmutableOopMap {rsi=Oop rdi=Oop [168]=Oop [176]=Oop }
                      ;*synchronization entry
                      ; - androidx.compose.ui.scene.ComposeSceneMediator::getScene@-1 (line 354)
                      ; - androidx.compose.ui.scene.ComposeSceneMediator::access$getScene@1 (line 121)
                      ; - androidx.compose.ui.scene.ComposeSceneMediator::onRender$lambda$0$0@234 (line 733)
  0x00007f7d4e08bbb8: 06e9 c2f5 

  0x00007f7d4e08bbbc: ;   {runtime_call C1 Runtime throw_null_pointer_exception_blob}
  0x00007f7d4e08bbbc: ffff e89d 

  0x00007f7d4e08bbc0: ; ImmutableOopMap {rsi=Oop rdi=Oop rbx=Oop [168]=Oop [176]=Oop }
                      ;*invokeinterface getValue {reexecute=0 rethrow=0 return_oop=0}
                      ; - androidx.compose.ui.scene.ComposeSceneMediator::getScene@6 (line 354)
                      ; - androidx.compose.ui.scene.ComposeSceneMediator::access$getScene@1 (line 121)
                      ; - androidx.compose.ui.scene.ComposeSceneMediator::onRender$lambda$0$0@234 (line 733)
  0x00007f7d4e08bbc0: c18f 0648 

  0x00007f7d4e08bbc4: ;   {runtime_call C1 Runtime throw_class_cast_exception_blob}
  0x00007f7d4e08bbc4: 8904 24e8 

  0x00007f7d4e08bbc8: ; ImmutableOopMap {[168]=Oop [176]=Oop [224]=Oop }
                      ;*checkcast {reexecute=0 rethrow=0 return_oop=0}
                      ; - androidx.compose.ui.scene.ComposeSceneMediator::getScene@11 (line 354)
                      ; - androidx.compose.ui.scene.ComposeSceneMediator::access$getScene@1 (line 121)
                      ; - androidx.compose.ui.scene.ComposeSceneMediator::onRender$lambda$0$0@234 (line 733)
  0x00007f7d4e08bbc8: 14fa 8f06 

  0x00007f7d4e08bbcc: ;   {metadata({method} {0x00007f7d15495df0} 'asComposeCanvas' '(Lorg/jetbrains/skia/Canvas;)Landroidx/compose/ui/graphics/Canvas;' in 'androidx/compose/ui/graphics/SkiaBackedCanvas_skikoKt')}
  0x00007f7d4e08bbcc: 49ba f05d | 4915 7d7f | 0000 4c89 | 5424 0848 | c704 24ff 

  0x00007f7d4e08bbe0: ;   {runtime_call C1 Runtime counter_overflow_blob}
  0x00007f7d4e08bbe0: ffff ffe8 

  0x00007f7d4e08bbe4: ; ImmutableOopMap {r8=Oop r9=Oop [176]=Oop [224]=Oop }
                      ;*synchronization entry
                      ; - androidx.compose.ui.graphics.SkiaBackedCanvas_skikoKt::asComposeCanvas@-1 (line 56)
                      ; - androidx.compose.ui.scene.ComposeSceneMediator::onRender$lambda$0$0@243 (line 733)
  0x00007f7d4e08bbe4: 783d 9006 | e913 f8ff | ff48 8bd2 

  0x00007f7d4e08bbf0: ;   {runtime_call C1 Runtime fast_new_instance_blob}
  0x00007f7d4e08bbf0: e86b d68f 

  0x00007f7d4e08bbf4: ; ImmutableOopMap {r8=Oop r9=Oop [176]=Oop [224]=Oop }
                      ;*new {reexecute=0 rethrow=0 return_oop=0}
                      ; - androidx.compose.ui.graphics.SkiaBackedCanvas_skikoKt::asComposeCanvas@0 (line 56)
                      ; - androidx.compose.ui.scene.ComposeSceneMediator::onRender$lambda$0$0@243 (line 733)
  0x00007f7d4e08bbf4: 06e9 52f8 

  0x00007f7d4e08bbf8: ;   {metadata({method} {0x00007f7d15497ed8} '<init>' '(Lorg/jetbrains/skia/Canvas;)V' in 'androidx/compose/ui/graphics/SkiaBackedCanvas')}
  0x00007f7d4e08bbf8: ffff 49ba | d87e 4915 | 7d7f 0000 | 4c89 5424 | 0848 c704 | 24ff ffff 

  0x00007f7d4e08bc10: ;   {runtime_call C1 Runtime counter_overflow_blob}
  0x00007f7d4e08bc10: ffe8 4a3d 

  0x00007f7d4e08bc14: ; ImmutableOopMap {r8=Oop r9=Oop rax=Oop [176]=Oop [224]=Oop }
                      ;*synchronization entry
                      ; - androidx.compose.ui.graphics.SkiaBackedCanvas::<init>@-1 (line 89)
                      ; - androidx.compose.ui.graphics.SkiaBackedCanvas_skikoKt::asComposeCanvas@5 (line 56)
                      ; - androidx.compose.ui.scene.ComposeSceneMediator::onRender$lambda$0$0@243 (line 733)
  0x00007f7d4e08bc14: 9006 e96d 

  0x00007f7d4e08bc18: ;   {metadata({method} {0x000000004ab1ce40} '<init>' '()V' in 'java/lang/Object')}
  0x00007f7d4e08bc18: f8ff ff49 | ba40 ceb1 | 4a00 0000 | 004c 8954 | 2408 48c7 | 0424 ffff 

  0x00007f7d4e08bc30: ;   {runtime_call C1 Runtime counter_overflow_blob}
  0x00007f7d4e08bc30: ffff e829 

  0x00007f7d4e08bc34: ; ImmutableOopMap {r8=Oop r9=Oop rax=Oop [176]=Oop [224]=Oop }
                      ;*synchronization entry
                      ; - java.lang.Object::<init>@-1 (line 44)
                      ; - androidx.compose.ui.graphics.SkiaBackedCanvas::<init>@1 (line 89)
                      ; - androidx.compose.ui.graphics.SkiaBackedCanvas_skikoKt::asComposeCanvas@5 (line 56)
                      ; - androidx.compose.ui.scene.ComposeSceneMediator::onRender$lambda$0$0@243 (line 733)
  0x00007f7d4e08bc34: 3d90 06e9 | 88f8 ffff | 8b50 1048 | c1e2 0348 | 83fa 000f | 8484 f8ff | ff48 8914 

  0x00007f7d4e08bc50: ;   {runtime_call g1_pre_barrier_slow}
  0x00007f7d4e08bc50: 24e8 0a4f | 9006 e976 | f8ff ff48 | 83fa 000f | 8493 f8ff | ff48 8904 

  0x00007f7d4e08bc68: ;   {runtime_call g1_post_barrier_slow}
  0x00007f7d4e08bc68: 24e8 7252 | 9006 e985 

  0x00007f7d4e08bc70: ;   {runtime_call C1 Runtime throw_null_pointer_exception_blob}
  0x00007f7d4e08bc70: f8ff ffe8 

  0x00007f7d4e08bc74: ; ImmutableOopMap {r8=Oop r9=Oop rax=Oop rdx=Oop rdi=Oop [176]=Oop }
                      ;*invokevirtual render {reexecute=0 rethrow=0 return_oop=0}
                      ; - androidx.compose.ui.scene.ComposeSceneMediator::onRender$lambda$0$0@247 (line 733)
  0x00007f7d4e08bc74: e8c0 8f06 

  0x00007f7d4e08bc78: ;   {metadata({method} {0x00007f7d14b55998} 'restore' '()Lorg/jetbrains/skia/Canvas;' in 'org/jetbrains/skia/Canvas')}
  0x00007f7d4e08bc78: 49ba 9859 | b514 7d7f | 0000 4c89 | 5424 0848 | c704 24ff 

  0x00007f7d4e08bc8c: ;   {runtime_call C1 Runtime counter_overflow_blob}
  0x00007f7d4e08bc8c: ffff ffe8 

  0x00007f7d4e08bc90: ; ImmutableOopMap {[176]=Oop }
                      ;*synchronization entry
                      ; - org.jetbrains.skia.Canvas::restore@-1 (line 1542)
                      ; - androidx.compose.ui.scene.ComposeSceneMediator::onRender$lambda$0$0@256 (line 1170)
  0x00007f7d4e08bc90: cc3c 9006 | e9de f9ff 

  0x00007f7d4e08bc98: ;   {metadata({method} {0x00007f7d15494088} 'access$_nRestore' '(J)V' in 'org/jetbrains/skia/CanvasKt')}
  0x00007f7d4e08bc98: ff49 ba88 | 4049 157d | 7f00 004c | 8954 2408 | 48c7 0424 | ffff ffff 

  0x00007f7d4e08bcb0: ;   {runtime_call C1 Runtime counter_overflow_blob}
  0x00007f7d4e08bcb0: e8ab 3c90 

  0x00007f7d4e08bcb4: ; ImmutableOopMap {rdx=Oop [176]=Oop }
                      ;*synchronization entry
                      ; - org.jetbrains.skia.CanvasKt::access$_nRestore@-1
                      ; - org.jetbrains.skia.Canvas::restore@10 (line 1543)
                      ; - androidx.compose.ui.scene.ComposeSceneMediator::onRender$lambda$0$0@256 (line 1170)
  0x00007f7d4e08bcb4: 06e9 43fb 

  0x00007f7d4e08bcb8: ;   {internal_word}
  0x00007f7d4e08bcb8: ffff 49ba | 2eb8 084e | 7d7f 0000 | 4d89 9738 

  0x00007f7d4e08bcc8: ;   {runtime_call SafepointBlob}
  0x00007f7d4e08bcc8: 0500 00e9 | 904e 8206 

  0x00007f7d4e08bcd0: ;   {metadata({method} {0x00007f7d14d803c8} 'reachabilityBarrier' '(Ljava/lang/Object;)V' in 'org/jetbrains/skia/impl/Native_jvmKt')}
  0x00007f7d4e08bcd0: 49ba c803 | d814 7d7f | 0000 4c89 | 5424 0848 | c704 24ff 

  0x00007f7d4e08bce4: ;   {runtime_call C1 Runtime counter_overflow_blob}
  0x00007f7d4e08bce4: ffff ffe8 

  0x00007f7d4e08bce8: ; ImmutableOopMap {rsi=Oop rax=Oop rdx=Oop [168]=Oop [176]=Oop }
                      ;*synchronization entry
                      ; - org.jetbrains.skia.impl.Native_jvmKt::reachabilityBarrier@-1 (line 47)
                      ; - org.jetbrains.skia.Canvas::save@24 (line 1433)
                      ; - androidx.compose.ui.scene.ComposeSceneMediator::onRender$lambda$0$0@140 (line 1162)
  0x00007f7d4e08bce8: 743c 9006 | e9c1 fbff 

  0x00007f7d4e08bcf0: ;   {metadata({method} {0x000000004a387b80} 'reachabilityFence' '(Ljava/lang/Object;)V' in 'java/lang/ref/Reference')}
  0x00007f7d4e08bcf0: ff49 ba80 | 7b38 4a00 | 0000 004c | 8954 2408 | 48c7 0424 | ffff ffff 

  0x00007f7d4e08bd08: ;   {runtime_call C1 Runtime counter_overflow_blob}
  0x00007f7d4e08bd08: e853 3c90 

  0x00007f7d4e08bd0c: ; ImmutableOopMap {rsi=Oop rax=Oop rdx=Oop [168]=Oop [176]=Oop }
                      ;*synchronization entry
                      ; - java.lang.ref.Reference::reachabilityFence@-1 (line 669)
                      ; - org.jetbrains.skia.impl.Native_jvmKt::reachabilityBarrier@1 (line 47)
                      ; - org.jetbrains.skia.Canvas::save@24 (line 1433)
                      ; - androidx.compose.ui.scene.ComposeSceneMediator::onRender$lambda$0$0@140 (line 1162)
  0x00007f7d4e08bd0c: 06e9 defb | ffff 498b | 87e0 0500 | 0049 c787 | e005 0000 | 0000 0000 | 49c7 87e8 | 0500 0000 
  0x00007f7d4e08bd2c: 0000 0048 | 81c4 0001 

  0x00007f7d4e08bd34: ;   {runtime_call C1 Runtime unwind_exception_blob}
  0x00007f7d4e08bd34: 0000 5de9 | a4ab 8f06 | f4f4 f4f4 
[Stub Code]
  0x00007f7d4e08bd40: ;   {other}
  0x00007f7d4e08bd40: 0f1f 4400 

  0x00007f7d4e08bd44: ;   {static_stub}
  0x00007f7d4e08bd44: 0048 bb00 | 0000 0000 

  0x00007f7d4e08bd4c: ;   {runtime_call nmethod}
  0x00007f7d4e08bd4c: 0000 00e9 | fbff ffff 

  0x00007f7d4e08bd54: ;   {static_stub}
  0x00007f7d4e08bd54: 9048 bb00 | 0000 0000 

  0x00007f7d4e08bd5c: ;   {runtime_call nmethod}
  0x00007f7d4e08bd5c: 0000 00e9 | fbff ffff 

  0x00007f7d4e08bd64: ;   {static_stub}
  0x00007f7d4e08bd64: 48bb 0000 | 0000 0000 

  0x00007f7d4e08bd6c: ;   {runtime_call nmethod}
  0x00007f7d4e08bd6c: 0000 e9fb 

  0x00007f7d4e08bd70: ;   {static_stub}
  0x00007f7d4e08bd70: ffff ff48 | bb00 0000 | 0000 0000 

  0x00007f7d4e08bd7c: ;   {runtime_call nmethod}
  0x00007f7d4e08bd7c: 00e9 fbff 

  0x00007f7d4e08bd80: ;   {static_stub}
  0x00007f7d4e08bd80: ffff 48bb | 0000 0000 | 0000 0000 

  0x00007f7d4e08bd8c: ;   {runtime_call nmethod}
  0x00007f7d4e08bd8c: e9fb ffff 

  0x00007f7d4e08bd90: ;   {static_stub}
  0x00007f7d4e08bd90: ff48 bb00 | 0000 0000 

  0x00007f7d4e08bd98: ;   {runtime_call nmethod}
  0x00007f7d4e08bd98: 0000 00e9 | fbff ffff 

  0x00007f7d4e08bda0: ;   {static_stub}
  0x00007f7d4e08bda0: 48bb 0000 | 0000 0000 

  0x00007f7d4e08bda8: ;   {runtime_call nmethod}
  0x00007f7d4e08bda8: 0000 e9fb 

  0x00007f7d4e08bdac: ;   {static_stub}
  0x00007f7d4e08bdac: ffff ff48 | bb00 0000 | 0000 0000 

  0x00007f7d4e08bdb8: ;   {runtime_call nmethod}
  0x00007f7d4e08bdb8: 00e9 fbff 

  0x00007f7d4e08bdbc: ;   {static_stub}
  0x00007f7d4e08bdbc: ffff 48bb | 0000 0000 | 0000 0000 

  0x00007f7d4e08bdc8: ;   {runtime_call nmethod}
  0x00007f7d4e08bdc8: e9fb ffff 

  0x00007f7d4e08bdcc: ;   {runtime_call C1 Runtime handle_exception_from_callee_blob}
  0x00007f7d4e08bdcc: ffe8 8eec 

  0x00007f7d4e08bdd0: ;   {external_word}
  0x00007f7d4e08bdd0: 8f06 48bf | 2a76 6a66 | 7d7f 0000 | 4883 e4f0 

  0x00007f7d4e08bde0: ;   {runtime_call MacroAssembler::debug64(char*, long, long*)}
  0x00007f7d4e08bde0: e83b 9608 

  0x00007f7d4e08bde4: ;   {section_word}
  0x00007f7d4e08bde4: 18f4 49ba | e6bd 084e | 7d7f 0000 

  0x00007f7d4e08bdf0: ;   {runtime_call DeoptimizationBlob}
  0x00007f7d4e08bdf0: 4152 e9e9 | 3482 06f4 
[/MachCode]


Compiled method (c1) 60983 9626       3       androidx.compose.ui.scene.ComposeSceneMediator$$Lambda/0x000000004c282490::invoke (16 bytes)
 total in heap  [0x00007f7d4e087208,0x00007f7d4e087450] = 584
 main code      [0x00007f7d4e087300,0x00007f7d4e087408] = 264
 stub code      [0x00007f7d4e087408,0x00007f7d4e087448] = 64
 oops           [0x00007f7d4e087448,0x00007f7d4e087450] = 8
 mutable data [0x00007f7cec2311f0,0x00007f7cec231238] = 72
 relocation     [0x00007f7cec2311f0,0x00007f7cec231230] = 64
 metadata       [0x00007f7cec231230,0x00007f7cec231238] = 8
 immutable data [0x00007f7cec231180,0x00007f7cec2311e0] = 96
 dependencies   [0x00007f7cec231180,0x00007f7cec231188] = 8
 scopes pcs     [0x00007f7cec231188,0x00007f7cec2311c8] = 64
 scopes data    [0x00007f7cec2311c8,0x00007f7cec2311e0] = 24

[Constant Pool (empty)]

[MachCode]
[Instructions begin]
  0x00007f7d4e087300: 660f 1f84 | 0000 0000 | 0066 0f1f | 8400 0000 | 0000 448b | 5608 443b 

  0x00007f7d4e087318: ;   {runtime_call Shared Runtime ic_miss_blob}
  0x00007f7d4e087318: 5008 0f85 | c062 8206 
[Verified Entry Point]
  0x00007f7d4e087320: 8984 2400 | c0fe ff55 | 4883 ec30 | 4181 7f20 | 1900 0000 

  0x00007f7d4e087334: ;   {runtime_call Stub::method_entry_barrier}
  0x00007f7d4e087334: 7405 e885 

  0x00007f7d4e087338: ;   {metadata(method data for {method} {0x00007f7d15495000} 'invoke' '()Ljava/lang/Object;' in 'androidx/compose/ui/scene/ComposeSceneMediator$$Lambda+0x000000004c282490')}
  0x00007f7d4e087338: 0281 0648 | ba10 c768 | 167d 7f00 | 008b 8a90 | 0000 0083 | c102 898a | 9000 0000 | 81e1 fe07 
  0x00007f7d4e087358: 0000 85c9 | 0f84 4a00 | 0000 8b56 | 0c48 c1e2 | 038b 4e18 | 48c1 e103 | 488b 7e10 

  0x00007f7d4e087374: ;   {metadata(method data for {method} {0x00007f7d15495000} 'invoke' '()Ljava/lang/Object;' in 'androidx/compose/ui/scene/ComposeSceneMediator$$Lambda+0x000000004c282490')}
  0x00007f7d4e087374: 48be 10c7 | 6816 7d7f | 0000 4883 | 86d8 0000 | 0001 488b | f248 8bd1 

  0x00007f7d4e08738c: ;   {static_call}
  0x00007f7d4e08738c: 488b cfe8 

  0x00007f7d4e087390: ; ImmutableOopMap {}
                      ;*invokestatic onRender$lambda$0$0 {reexecute=0 rethrow=0 return_oop=0}
                      ; - androidx.compose.ui.scene.ComposeSceneMediator$$Lambda/0x000000004c282490::invoke@12
  0x00007f7d4e087390: ec2e 0000 

  0x00007f7d4e087394: ;   {post_call_nop}
  0x00007f7d4e087394: 0f1f 8400 | 8c01 0000 | 4883 c430 

  0x00007f7d4e0873a0: ;   {poll_return}
  0x00007f7d4e0873a0: 5d49 3b67 | 280f 871f | 0000 00c3 

  0x00007f7d4e0873ac: ;   {metadata({method} {0x00007f7d15495000} 'invoke' '()Ljava/lang/Object;' in 'androidx/compose/ui/scene/ComposeSceneMediator$$Lambda+0x000000004c282490')}
  0x00007f7d4e0873ac: 49ba 0050 | 4915 7d7f | 0000 4c89 | 5424 0848 | c704 24ff 

  0x00007f7d4e0873c0: ;   {runtime_call C1 Runtime counter_overflow_blob}
  0x00007f7d4e0873c0: ffff ffe8 

  0x00007f7d4e0873c4: ; ImmutableOopMap {rsi=Oop }
                      ;*synchronization entry
                      ; - androidx.compose.ui.scene.ComposeSceneMediator$$Lambda/0x000000004c282490::invoke@-1
  0x00007f7d4e0873c4: 9885 9006 

  0x00007f7d4e0873c8: ;   {internal_word}
  0x00007f7d4e0873c8: eb98 49ba | a173 084e | 7d7f 0000 | 4d89 9738 

  0x00007f7d4e0873d8: ;   {runtime_call SafepointBlob}
  0x00007f7d4e0873d8: 0500 00e9 | 8097 8206 | 498b 87e0 | 0500 0049 | c787 e005 | 0000 0000 | 0000 49c7 | 87e8 0500 
  0x00007f7d4e0873f8: 0000 0000 | 0048 83c4 

  0x00007f7d4e087400: ;   {runtime_call C1 Runtime unwind_exception_blob}
  0x00007f7d4e087400: 305d e9d9 | f48f 06f4 
[Stub Code]
  0x00007f7d4e087408: ;   {static_stub}
  0x00007f7d4e087408: 48bb 0000 | 0000 0000 

  0x00007f7d4e087410: ;   {runtime_call nmethod}
  0x00007f7d4e087410: 0000 e9fb 

  0x00007f7d4e087414: ;   {runtime_call C1 Runtime handle_exception_from_callee_blob}
  0x00007f7d4e087414: ffff ffe8 | 4436 9006 

  0x00007f7d4e08741c: ;   {external_word}
  0x00007f7d4e08741c: 48bf 2a76 | 6a66 7d7f | 0000 4883 

  0x00007f7d4e087428: ;   {runtime_call MacroAssembler::debug64(char*, long, long*)}
  0x00007f7d4e087428: e4f0 e8f1 | df08 18f4 
[Deopt Handler Code]
  0x00007f7d4e087430: ;   {section_word}
  0x00007f7d4e087430: 49ba 3074 | 084e 7d7f | 0000 4152 

  0x00007f7d4e08743c: ;   {runtime_call DeoptimizationBlob}
  0x00007f7d4e08743c: e99f 7e82 | 06f4 f4f4 | f4f4 f4f4 
[/MachCode]


---------------  P R O C E S S  ---------------

Threads class SMR info:
_java_thread_list=0x00007f7cf4068370, length=23, elements={
0x00007f7d6012d3c0, 0x00007f7d601309c0, 0x00007f7d60131bc0, 0x00007f7d60133610,
0x00007f7d60134f40, 0x00007f7d601367c0, 0x00007f7d60138640, 0x00007f7d6013a030,
0x00007f7d6016c510, 0x00007f7d606df130, 0x00007f7ce80039a0, 0x00007f7ce8055590,
0x00007f7ce00018d0, 0x00007f7ce8055e40, 0x00007f7ce0005730, 0x00007f7d60741ee0,
0x00007f7d60742d20, 0x00007f7cd0000f40, 0x00007f7d6002eb60, 0x00007f7cc80061f0,
0x00007f7ccc0121a0, 0x00007f7ccc027650, 0x00007f7ccc291c90
}

Java Threads: ( => current thread )
  0x00007f7d6012d3c0 JavaThread "Common-Cleaner"             daemon [_thread_blocked, id=381350, stack(0x00007f7d2bdfe000,0x00007f7d2beff000) (1028K)]
  0x00007f7d601309c0 JavaThread "Reference Handler"          daemon [_thread_blocked, id=381351, stack(0x00007f7d400eb000,0x00007f7d401ec000) (1028K)]
  0x00007f7d60131bc0 JavaThread "Finalizer"                  daemon [_thread_blocked, id=381352, stack(0x00007f7d2ba88000,0x00007f7d2bb88000) (1024K)]
  0x00007f7d60133610 JavaThread "Signal Dispatcher"          daemon [_thread_blocked, id=381353, stack(0x00007f7d2b700000,0x00007f7d2b800000) (1024K)]
  0x00007f7d60134f40 JavaThread "Service Thread"             daemon [_thread_blocked, id=381354, stack(0x00007f7d2b600000,0x00007f7d2b700000) (1024K)]
  0x00007f7d601367c0 JavaThread "Monitor Deflation Thread"   daemon [_thread_blocked, id=381355, stack(0x00007f7d2b500000,0x00007f7d2b600000) (1024K)]
  0x00007f7d60138640 JavaThread "C2 CompilerThread0"         daemon [_thread_blocked, id=381356, stack(0x00007f7d2b400000,0x00007f7d2b500000) (1024K)]
  0x00007f7d6013a030 JavaThread "C1 CompilerThread0"         daemon [_thread_blocked, id=381357, stack(0x00007f7d2b300000,0x00007f7d2b400000) (1024K)]
  0x00007f7d6016c510 JavaThread "Notification Thread"        daemon [_thread_blocked, id=381359, stack(0x00007f7d2b100000,0x00007f7d2b200000) (1024K)]
  0x00007f7d606df130 JavaThread "TimerQueue"                 daemon [_thread_blocked, id=381363, stack(0x00007f7d2a433000,0x00007f7d2a533000) (1024K)]
  0x00007f7ce80039a0 JavaThread "WLKeyboard.KeyRepeatManager" daemon [_thread_blocked, id=381364, stack(0x00007f7d2a333000,0x00007f7d2a433000) (1024K)]
  0x00007f7ce8055590 JavaThread "AWT-Wayland"                daemon [_thread_blocked, id=381365, stack(0x00007f7d2a233000,0x00007f7d2a333000) (1024K)]
  0x00007f7ce00018d0 JavaThread "AWT-Shutdown"                      [_thread_blocked, id=381366, stack(0x00007f7d2a133000,0x00007f7d2a233000) (1024K)]
  0x00007f7ce8055e40 JavaThread "AWT-Wayland-data-source-queue-dispatcher" daemon [_thread_in_native, id=381367, stack(0x00007f7d2a033000,0x00007f7d2a133000) (1024K)]
=>0x00007f7ce0005730 JavaThread "AWT-EventQueue-0"                  [_thread_in_native, id=381368, stack(0x00007f7d29f33000,0x00007f7d2a033000) (1024K)]
  0x00007f7d60741ee0 JavaThread "DefaultDispatcher-worker-1" daemon [_thread_blocked, id=381369, stack(0x00007f7d29e33000,0x00007f7d29f33000) (1024K)]
  0x00007f7d60742d20 JavaThread "DefaultDispatcher-worker-2" daemon [_thread_blocked, id=381370, stack(0x00007f7d29d33000,0x00007f7d29e33000) (1024K)]
  0x00007f7cd0000f40 JavaThread "DefaultDispatcher-worker-3" daemon [_thread_blocked, id=381371, stack(0x00007f7d29c33000,0x00007f7d29d33000) (1024K)]
  0x00007f7d6002eb60 JavaThread "DestroyJavaVM"                     [_thread_blocked, id=381338, stack(0x00007f7d65300000,0x00007f7d65400000) (1024K)]
  0x00007f7cc80061f0 JavaThread "kotlinx.coroutines.DefaultExecutor" daemon [_thread_blocked, id=381377, stack(0x00007f7d29b33000,0x00007f7d29c33000) (1024K)]
  0x00007f7ccc0121a0 JavaThread "Java2D Disposer"            daemon [_thread_blocked, id=381378, stack(0x00007f7d29a33000,0x00007f7d29b33000) (1024K)]
  0x00007f7ccc027650 JavaThread "SystemPropertyWatcher"      daemon [_thread_blocked, id=381379, stack(0x00007f7d295b2000,0x00007f7d296b2000) (1024K)]
  0x00007f7ccc291c90 JavaThread "Reference Cleaner"          daemon [_thread_blocked, id=381381, stack(0x00007f7d28d39000,0x00007f7d28e39000) (1024K)]
Total: 23

Other Threads:
  0x00007f7d60121590 VMThread "VM Thread"                           [id=381349, stack(0x00007f7d2bf00000,0x00007f7d2c000000) (1024K)]
  0x00007f7d60110800 WatcherThread "VM Periodic Task Thread"        [id=381348, stack(0x00007f7d2bcfe000,0x00007f7d2bdfe000) (1024K)]
  0x00007f7d60061ad0 WorkerThread "GC Thread#0"                     [id=381339, stack(0x00007f7d4389a000,0x00007f7d4399a000) (1024K)]
  0x00007f7d2000ae00 WorkerThread "GC Thread#1"                     [id=381382, stack(0x00007f7d28bd0000,0x00007f7d28cd0000) (1024K)]
  0x00007f7d2000bb70 WorkerThread "GC Thread#2"                     [id=381383, stack(0x00007f7d28acf000,0x00007f7d28bcf000) (1024K)]
  0x00007f7d2000c920 WorkerThread "GC Thread#3"                     [id=381384, stack(0x00007f7d289ce000,0x00007f7d28ace000) (1024K)]
  0x00007f7d2000d6d0 WorkerThread "GC Thread#4"                     [id=381385, stack(0x00007f7d288cd000,0x00007f7d289cd000) (1024K)]
  0x00007f7d2000e480 WorkerThread "GC Thread#5"                     [id=381386, stack(0x00007f7d287cc000,0x00007f7d288cc000) (1024K)]
  0x00007f7d2000f230 WorkerThread "GC Thread#6"                     [id=381387, stack(0x00007f7d286cb000,0x00007f7d287cb000) (1024K)]
  0x00007f7d2000ffe0 WorkerThread "GC Thread#7"                     [id=381388, stack(0x00007f7d285ca000,0x00007f7d286ca000) (1024K)]
  0x00007f7d20010d90 WorkerThread "GC Thread#8"                     [id=381389, stack(0x00007f7d284c9000,0x00007f7d285c9000) (1024K)]
  0x00007f7d20011b60 WorkerThread "GC Thread#9"                     [id=381390, stack(0x00007f7d283c8000,0x00007f7d284c8000) (1024K)]
  0x00007f7d20012950 WorkerThread "GC Thread#10"                    [id=381391, stack(0x00007f7d282c7000,0x00007f7d283c7000) (1024K)]
  0x00007f7d20021180 WorkerThread "GC Thread#11"                    [id=381400, stack(0x00007f7ca96b4000,0x00007f7ca97b4000) (1024K)]
  0x00007f7d20021610 WorkerThread "GC Thread#12"                    [id=381402, stack(0x00007f7ca8e02000,0x00007f7ca8f02000) (1024K)]
  0x00007f7d20021aa0 WorkerThread "GC Thread#13"                    [id=381406, stack(0x00007f7cb3e80000,0x00007f7cb3f80000) (1024K)]
  0x00007f7d20021f30 WorkerThread "GC Thread#14"                    [id=381407, stack(0x00007f7ca8101000,0x00007f7ca8201000) (1024K)]
  0x00007f7d20022570 WorkerThread "GC Thread#15"                    [id=381417, stack(0x00007f7c5a721000,0x00007f7c5a821000) (1024K)]
  0x00007f7d20020ce0 WorkerThread "GC Thread#16"                    [id=381422, stack(0x00007f7c5bb00000,0x00007f7c5bc00000) (1024K)]
  0x00007f7d20020010 WorkerThread "GC Thread#17"                    [id=381449, stack(0x00007f7ca8901000,0x00007f7ca8a01000) (1024K)]
  0x00007f7d6007a180 ConcurrentGCThread "G1 Main Marker"            [id=381340, stack(0x00007f7d43799000,0x00007f7d43899000) (1024K)]
  0x00007f7d6007b380 WorkerThread "G1 Conc#0"                       [id=381341, stack(0x00007f7d43698000,0x00007f7d43798000) (1024K)]
  0x00007f7d34000ce0 WorkerThread "G1 Conc#1"                       [id=381392, stack(0x00007f7d280e5000,0x00007f7d281e5000) (1024K)]
  0x00007f7d34001a70 WorkerThread "G1 Conc#2"                       [id=381393, stack(0x00007f7cba500000,0x00007f7cba600000) (1024K)]
  0x00007f7d34002860 WorkerThread "G1 Conc#3"                       [id=381394, stack(0x00007f7cba3ff000,0x00007f7cba4ff000) (1024K)]
  0x00007f7d34003650 WorkerThread "G1 Conc#4"                       [id=381395, stack(0x00007f7cba2fe000,0x00007f7cba3fe000) (1024K)]
  0x00007f7d60100980 ConcurrentGCThread "G1 Refine#0"               [id=381342, stack(0x00007f7d402ee000,0x00007f7d403ee000) (1024K)]
  0x00007f7d60101b70 ConcurrentGCThread "G1 Service"                [id=381343, stack(0x00007f7d401ed000,0x00007f7d402ed000) (1024K)]
Total: 28

Threads with active compile tasks:
Total: 0

VM state: not at safepoint (normal execution)

VM Mutex/Monitor currently owned by a thread: None

Heap address: 0x0000000618400000, size: 7804 MB, Compressed Oops mode: Zero based, Oop shift amount: 3

CDS archive(s) mapped at: [0x000000004a000000-0x000000004bcdb000-0x000000004bcdb000), size 30257152, SharedBaseAddress: 0x000000004a000000, ArchiveRelocationMode: 1.
Compressed class space mapped at: 0x000000004c000000-0x000000008c000000, reserved size: 1073741824
UseCompressedClassPointers 1, UseCompactObjectHeaders 0
Narrow klass pointer bits 32, Max shift 3
Narrow klass base: 0x000000004a000000, Narrow klass shift: 0
Encoding Range: [0x000000004a000000 - 0x000000014a000000), (4294967296 bytes)
Klass Range:    [0x000000004a001000 - 0x000000008c000000), (1107292160 bytes)
Klass ID Range:  [4096 - 1107296249) (1107292153)
Protection zone: [0x000000004a000000 - 0x000000004a001000), (4096 bytes)

GC Precious Log:
 CardTable entry size: 512
 Card Set container configuration: InlinePtr #cards 4 size 8 Array Of Cards #cards 32 size 80 Howl #buckets 8 coarsen threshold 7372 Howl Bitmap #cards 1024 size 144 coarsen threshold 921 Card regions per heap region 1 cards per card region 8192
 CPUs: 24 total, 24 available
 Memory: 31211M
 Large Page Support: Disabled
 NUMA Support: Disabled
 Compressed Oops: Enabled (Zero based)
 Heap Region Size: 4M
 Heap Min Capacity: 8M
 Heap Initial Capacity: 488M
 Heap Max Capacity: 7804M
 Pre-touch: Disabled
 Parallel Workers: 18
 Concurrent Workers: 5
 Concurrent Refinement Workers: 18
 Periodic GC: Disabled

Heap:
 garbage-first heap   total reserved 7991296K, committed 253952K, used 97810K [0x0000000618400000, 0x0000000800000000)
  region size 4096K, 2 young (8192K), 1 survivors (4096K)

Heap Regions: E=young(eden), S=young(survivor), O=old, HS=humongous(starts), HC=humongous(continues), CS=collection set, F=free, TAMS=top-at-mark-start, PB=parsable bottom
|   0|0x0000000618400000, 0x0000000618800000, 0x0000000618800000|100%|HS|  |TAMS 0x0000000618400000| PB 0x0000000618400000| Complete |  0
|   1|0x0000000618800000, 0x0000000618c00000, 0x0000000618c00000|100%|HC|  |TAMS 0x0000000618800000| PB 0x0000000618800000| Complete |  0
|   2|0x0000000618c00000, 0x0000000619000000, 0x0000000619000000|100%|HC|  |TAMS 0x0000000618c00000| PB 0x0000000618c00000| Complete |  0
|   3|0x0000000619000000, 0x0000000619400000, 0x0000000619400000|100%|HC|  |TAMS 0x0000000619000000| PB 0x0000000619000000| Complete |  0
|   4|0x0000000619400000, 0x0000000619800000, 0x0000000619800000|100%| O|  |TAMS 0x0000000619400000| PB 0x0000000619400000| Untracked |  0
|   5|0x0000000619800000, 0x0000000619800000, 0x0000000619c00000|  0%| F|  |TAMS 0x0000000619800000| PB 0x0000000619800000| Untracked |  0
|   6|0x0000000619c00000, 0x000000061a000000, 0x000000061a000000|100%|HS|  |TAMS 0x0000000619c00000| PB 0x0000000619c00000| Complete |  0
|   7|0x000000061a000000, 0x000000061a400000, 0x000000061a400000|100%|HC|  |TAMS 0x000000061a000000| PB 0x000000061a000000| Complete |  0
|   8|0x000000061a400000, 0x000000061a800000, 0x000000061a800000|100%|HC|  |TAMS 0x000000061a400000| PB 0x000000061a400000| Complete |  0
|   9|0x000000061a800000, 0x000000061ac00000, 0x000000061ac00000|100%|HC|  |TAMS 0x000000061a800000| PB 0x000000061a800000| Complete |  0
|  10|0x000000061ac00000, 0x000000061b000000, 0x000000061b000000|100%| O|  |TAMS 0x000000061ac00000| PB 0x000000061ac00000| Untracked |  0
|  11|0x000000061b000000, 0x000000061b400000, 0x000000061b400000|100%|HS|  |TAMS 0x000000061b000000| PB 0x000000061b000000| Complete |  0
|  12|0x000000061b400000, 0x000000061b800000, 0x000000061b800000|100%|HC|  |TAMS 0x000000061b400000| PB 0x000000061b400000| Complete |  0
|  13|0x000000061b800000, 0x000000061bc00000, 0x000000061bc00000|100%|HC|  |TAMS 0x000000061b800000| PB 0x000000061b800000| Complete |  0
|  14|0x000000061bc00000, 0x000000061c000000, 0x000000061c000000|100%|HC|  |TAMS 0x000000061bc00000| PB 0x000000061bc00000| Complete |  0
|  15|0x000000061c000000, 0x000000061c400000, 0x000000061c400000|100%|HS|  |TAMS 0x000000061c000000| PB 0x000000061c000000| Complete |  0
|  16|0x000000061c400000, 0x000000061c800000, 0x000000061c800000|100%|HC|  |TAMS 0x000000061c400000| PB 0x000000061c400000| Complete |  0
|  17|0x000000061c800000, 0x000000061cc00000, 0x000000061cc00000|100%|HS|  |TAMS 0x000000061c800000| PB 0x000000061c800000| Complete |  0
|  18|0x000000061cc00000, 0x000000061d000000, 0x000000061d000000|100%|HC|  |TAMS 0x000000061cc00000| PB 0x000000061cc00000| Complete |  0
|  19|0x000000061d000000, 0x000000061d400000, 0x000000061d400000|100%|HS|  |TAMS 0x000000061d000000| PB 0x000000061d000000| Complete |  0
|  20|0x000000061d400000, 0x000000061d800000, 0x000000061d800000|100%|HC|  |TAMS 0x000000061d400000| PB 0x000000061d400000| Complete |  0
|  21|0x000000061d800000, 0x000000061dc00000, 0x000000061dc00000|100%|HS|  |TAMS 0x000000061d800000| PB 0x000000061d800000| Complete |  0
|  22|0x000000061dc00000, 0x000000061e000000, 0x000000061e000000|100%|HC|  |TAMS 0x000000061dc00000| PB 0x000000061dc00000| Complete |  0
|  23|0x000000061e000000, 0x000000061e000000, 0x000000061e400000|  0%| F|  |TAMS 0x000000061e000000| PB 0x000000061e000000| Untracked |  0
|  24|0x000000061e400000, 0x000000061e400000, 0x000000061e800000|  0%| F|  |TAMS 0x000000061e400000| PB 0x000000061e400000| Untracked |  0
|  25|0x000000061e800000, 0x000000061e800000, 0x000000061ec00000|  0%| F|  |TAMS 0x000000061e800000| PB 0x000000061e800000| Untracked |  0
|  26|0x000000061ec00000, 0x000000061ec00000, 0x000000061f000000|  0%| F|  |TAMS 0x000000061ec00000| PB 0x000000061ec00000| Untracked |  0
|  27|0x000000061f000000, 0x000000061f000000, 0x000000061f400000|  0%| F|  |TAMS 0x000000061f000000| PB 0x000000061f000000| Untracked |  0
|  28|0x000000061f400000, 0x000000061f400000, 0x000000061f800000|  0%| F|  |TAMS 0x000000061f400000| PB 0x000000061f400000| Untracked |  0
|  29|0x000000061f800000, 0x000000061f800000, 0x000000061fc00000|  0%| F|  |TAMS 0x000000061f800000| PB 0x000000061f800000| Untracked |  0
|  30|0x000000061fc00000, 0x000000061fc00000, 0x0000000620000000|  0%| F|  |TAMS 0x000000061fc00000| PB 0x000000061fc00000| Untracked |  0
|  31|0x0000000620000000, 0x0000000620000000, 0x0000000620400000|  0%| F|  |TAMS 0x0000000620000000| PB 0x0000000620000000| Untracked |  0
|  32|0x0000000620400000, 0x0000000620400000, 0x0000000620800000|  0%| F|  |TAMS 0x0000000620400000| PB 0x0000000620400000| Untracked |  0
|  33|0x0000000620800000, 0x0000000620800000, 0x0000000620c00000|  0%| F|  |TAMS 0x0000000620800000| PB 0x0000000620800000| Untracked |  0
|  34|0x0000000620c00000, 0x0000000620c00000, 0x0000000621000000|  0%| F|  |TAMS 0x0000000620c00000| PB 0x0000000620c00000| Untracked |  0
|  35|0x0000000621000000, 0x0000000621000000, 0x0000000621400000|  0%| F|  |TAMS 0x0000000621000000| PB 0x0000000621000000| Untracked |  0
|  36|0x0000000621400000, 0x0000000621400000, 0x0000000621800000|  0%| F|  |TAMS 0x0000000621400000| PB 0x0000000621400000| Untracked |  0
|  37|0x0000000621800000, 0x0000000621800000, 0x0000000621c00000|  0%| F|  |TAMS 0x0000000621800000| PB 0x0000000621800000| Untracked |  0
|  38|0x0000000621c00000, 0x0000000621c00000, 0x0000000622000000|  0%| F|  |TAMS 0x0000000621c00000| PB 0x0000000621c00000| Untracked |  0
|  39|0x0000000622000000, 0x0000000622000000, 0x0000000622400000|  0%| F|  |TAMS 0x0000000622000000| PB 0x0000000622000000| Untracked |  0
|  40|0x0000000622400000, 0x0000000622400000, 0x0000000622800000|  0%| F|  |TAMS 0x0000000622400000| PB 0x0000000622400000| Untracked |  0
|  41|0x0000000622800000, 0x0000000622800000, 0x0000000622c00000|  0%| F|  |TAMS 0x0000000622800000| PB 0x0000000622800000| Untracked |  0
|  42|0x0000000622c00000, 0x0000000622c00000, 0x0000000623000000|  0%| F|  |TAMS 0x0000000622c00000| PB 0x0000000622c00000| Untracked |  0
|  43|0x0000000623000000, 0x0000000623000000, 0x0000000623400000|  0%| F|  |TAMS 0x0000000623000000| PB 0x0000000623000000| Untracked |  0
|  44|0x0000000623400000, 0x0000000623400000, 0x0000000623800000|  0%| F|  |TAMS 0x0000000623400000| PB 0x0000000623400000| Untracked |  0
|  45|0x0000000623800000, 0x0000000623800000, 0x0000000623c00000|  0%| F|  |TAMS 0x0000000623800000| PB 0x0000000623800000| Untracked |  0
|  46|0x0000000623c00000, 0x0000000623c00000, 0x0000000624000000|  0%| F|  |TAMS 0x0000000623c00000| PB 0x0000000623c00000| Untracked |  0
|  47|0x0000000624000000, 0x0000000624000000, 0x0000000624400000|  0%| F|  |TAMS 0x0000000624000000| PB 0x0000000624000000| Untracked |  0
|  48|0x0000000624400000, 0x0000000624400000, 0x0000000624800000|  0%| F|  |TAMS 0x0000000624400000| PB 0x0000000624400000| Untracked |  0
|  49|0x0000000624800000, 0x0000000624800000, 0x0000000624c00000|  0%| F|  |TAMS 0x0000000624800000| PB 0x0000000624800000| Untracked |  0
|  50|0x0000000624c00000, 0x0000000624c00000, 0x0000000625000000|  0%| F|  |TAMS 0x0000000624c00000| PB 0x0000000624c00000| Untracked |  0
|  51|0x0000000625000000, 0x0000000625000000, 0x0000000625400000|  0%| F|  |TAMS 0x0000000625000000| PB 0x0000000625000000| Untracked |  0
|  52|0x0000000625400000, 0x0000000625400000, 0x0000000625800000|  0%| F|  |TAMS 0x0000000625400000| PB 0x0000000625400000| Untracked |  0
|  53|0x0000000625800000, 0x0000000625800000, 0x0000000625c00000|  0%| F|  |TAMS 0x0000000625800000| PB 0x0000000625800000| Untracked |  0
|  54|0x0000000625c00000, 0x0000000625c00000, 0x0000000626000000|  0%| F|  |TAMS 0x0000000625c00000| PB 0x0000000625c00000| Untracked |  0
|  55|0x0000000626000000, 0x0000000626000000, 0x0000000626400000|  0%| F|  |TAMS 0x0000000626000000| PB 0x0000000626000000| Untracked |  0
| 113|0x0000000634800000, 0x0000000634800000, 0x0000000634c00000|  0%| F|  |TAMS 0x0000000634800000| PB 0x0000000634800000| Untracked |  0
| 114|0x0000000634c00000, 0x0000000634d346c8, 0x0000000635000000| 30%| S|CS|TAMS 0x0000000634c00000| PB 0x0000000634c00000| Complete |  0
| 121|0x0000000636800000, 0x0000000636800000, 0x0000000636c00000|  0%| F|  |TAMS 0x0000000636800000| PB 0x0000000636800000| Untracked |  0
|1948|0x00000007ff400000, 0x00000007ff650168, 0x00000007ff800000| 57%| O|  |TAMS 0x00000007ff400000| PB 0x00000007ff400000| Untracked |  0
|1949|0x00000007ff800000, 0x00000007ffc00000, 0x00000007ffc00000|100%| O|  |TAMS 0x00000007ff800000| PB 0x00000007ff800000| Untracked |  0
|1950|0x00000007ffc00000, 0x00000007ffe138e8, 0x0000000800000000| 51%| E|  |TAMS 0x00000007ffc00000| PB 0x00000007ffc00000| Complete |  1

Card table byte_map: [0x00007f7d4b482000,0x00007f7d4c3c0000] _byte_map_base: 0x00007f7d483c0000

Marking Bits: (CMBitMap*) 0x00007f7d60062820
 Bits: [0x00007f7d43a92000, 0x00007f7d4b482000)

Polling page: 0x00007f7d66bbf000

Metaspace:
Metaspace        used 45021K, committed 45696K, reserved 1114112K
 class space     used 4589K, committed 4864K, reserved 1048576K

Usage:
  Non-class:     39.48 MB used.
      Class:      4.48 MB used.
       Both:     43.97 MB used.

Virtual space:
  Non-class space:       64.00 MB reserved,      39.88 MB ( 62%) committed,  1 nodes.
      Class space:        1.00 GB reserved,       4.75 MB ( <1%) committed,  1 nodes.
             Both:        1.06 GB reserved,      44.62 MB (  4%) committed. 

Chunk freelists:
   Non-Class:  7.72 MB
       Class:  11.19 MB
        Both:  18.91 MB

MaxMetaspaceSize: unlimited
CompressedClassSpaceSize: 1.00 GB
Initial GC threshold: 21.00 MB
Current GC threshold: 69.06 MB
CDS: on
 - commit_granule_bytes: 65536.
 - commit_granule_words: 8192.
 - virtual_space_node_default_size: 8388608.
 - enlarge_chunks_in_place: 1.
UseCompressedClassPointers 1, UseCompactObjectHeaders 0
Narrow klass pointer bits 32, Max shift 3
Narrow klass base: 0x000000004a000000, Narrow klass shift: 0
Encoding Range: [0x000000004a000000 - 0x000000014a000000), (4294967296 bytes)
Klass Range:    [0x000000004a001000 - 0x000000008c000000), (1107292160 bytes)
Klass ID Range:  [4096 - 1107296249) (1107292153)
Protection zone: [0x000000004a000000 - 0x000000004a001000), (4096 bytes)


Internal statistics:

num_allocs_failed_limit: 3.
num_arena_births: 1034.
num_arena_deaths: 0.
num_vsnodes_births: 2.
num_vsnodes_deaths: 0.
num_space_committed: 714.
num_space_uncommitted: 0.
num_chunks_returned_to_freelist: 3.
num_chunks_taken_from_freelist: 2600.
num_chunk_merges: 0.
num_chunk_splits: 1860.
num_chunks_enlarged: 1475.
num_inconsistent_stats: 0.

CodeHeap 'non-profiled nmethods': size=119168Kb used=5206Kb max_used=5206Kb free=113961Kb
 bounds [0x00007f7d54fa0000, 0x00007f7d554c0000, 0x00007f7d5c400000]
CodeHeap 'profiled nmethods': size=119168Kb used=18400Kb max_used=18400Kb free=100767Kb
 bounds [0x00007f7d4d3ff000, 0x00007f7d4e5ff000, 0x00007f7d5485f000]
CodeHeap 'non-nmethods': size=7428Kb used=4053Kb max_used=5848Kb free=3374Kb
 bounds [0x00007f7d5485f000, 0x00007f7d54e6f000, 0x00007f7d54fa0000]
CodeCache: size=245764Kb, used=27659Kb, max_used=29454Kb, free=218102Kb
 total_blobs=13517, nmethods=11317, adapters=2104, full_count=0
Compilation: enabled, stopped_count=0, restarted_count=0

Compilation events (20 events):
Event: 60.751 Thread 0x00007f7d6013a030 nmethod 12090 0x00007f7d4e5eec08 code [0x00007f7d4e5eed00, 0x00007f7d4e5ef9e0]
Event: 60.752 Thread 0x00007f7d6013a030 12091       1       androidx.compose.material3.ColorScheme::getSurfaceContainerHighest-0d7_KjU (5 bytes)
Event: 60.752 Thread 0x00007f7d6013a030 nmethod 12091 0x00007f7d554aba88 code [0x00007f7d554abb80, 0x00007f7d554abc40]
Event: 60.754 Thread 0x00007f7d6013a030 12093       3       androidx.compose.ui.text.AnnotatedStringKt::normalizedParagraphStyles (802 bytes)
Event: 60.756 Thread 0x00007f7d6013a030 nmethod 12093 0x00007f7d4e5efa08 code [0x00007f7d4e5efb00, 0x00007f7d4e5f7370]
Event: 60.756 Thread 0x00007f7d008240e0 12089       4       androidx.compose.foundation.layout.RowColumnMeasurePolicyKt::measure (1167 bytes)
Event: 60.765 Thread 0x00007f7d60138640 nmethod 12073 0x00007f7d554abd88 code [0x00007f7d554abe80, 0x00007f7d554aecc8]
Event: 60.765 Thread 0x00007f7d60138640 12084       4       androidx.compose.ui.Modifier$Node::onDetach (1 bytes)
Event: 60.765 Thread 0x00007f7d60138640 nmethod 12084 0x00007f7d554aed08 code [0x00007f7d554aee00, 0x00007f7d554aee78]
Event: 60.765 Thread 0x00007f7d60138640 12092       4       androidx.compose.foundation.layout.RowColumnImplKt::isRelative (17 bytes)
Event: 60.765 Thread 0x00007f7d60138640 nmethod 12092 0x00007f7d554af008 code [0x00007f7d554af100, 0x00007f7d554af168]
Event: 60.765 Thread 0x00007f7d60138640 12087       4       kotlinx.coroutines.CancellableContinuationImpl::detachChild$kotlinx_coroutines_core (28 bytes)
Event: 60.769 Thread 0x00007f7d60138640 nmethod 12087 0x00007f7d554af308 code [0x00007f7d554af400, 0x00007f7d554b0260]
Event: 60.788 Thread 0x00007f7d008240e0 nmethod 12089 0x00007f7d554b0288 code [0x00007f7d554b03a0, 0x00007f7d554b4fe0]
Event: 60.915 Thread 0x00007f7d6013a030 12094       1       kotlinx.coroutines.JobImpl::getOnCancelComplete$kotlinx_coroutines_core (2 bytes)
Event: 60.915 Thread 0x00007f7d6013a030 nmethod 12094 0x00007f7d554b5008 code [0x00007f7d554b5100, 0x00007f7d554b51c0]
Event: 60.915 Thread 0x00007f7d6013a030 12095       1       kotlinx.coroutines.ChildHandleNode::getOnCancelling (2 bytes)
Event: 60.915 Thread 0x00007f7d6013a030 nmethod 12095 0x00007f7d554b5308 code [0x00007f7d554b5400, 0x00007f7d554b54c0]
Event: 60.915 Thread 0x00007f7d6013a030 12096       1       java.awt.Container::getLayout (5 bytes)
Event: 60.915 Thread 0x00007f7d6013a030 nmethod 12096 0x00007f7d554b5608 code [0x00007f7d554b5700, 0x00007f7d554b57c8]

GC Heap Usage History (20 events):
Event: 29.839 {heap Before GC invocations=21 (full 0):
 garbage-first heap   total reserved 7991296K, committed 253952K, used 117972K [0x0000000618400000, 0x0000000800000000)
  region size 4096K, 3 young (12288K), 1 survivors (4096K)
}
Event: 29.841 {heap After GC invocations=22 (full 0):
 garbage-first heap   total reserved 7991296K, committed 253952K, used 81202K [0x0000000618400000, 0x0000000800000000)
  region size 4096K, 1 young (4096K), 1 survivors (4096K)
}
Event: 30.221 {heap Before GC invocations=22 (full 0):
 garbage-first heap   total reserved 7991296K, committed 253952K, used 118066K [0x0000000618400000, 0x0000000800000000)
  region size 4096K, 3 young (12288K), 1 survivors (4096K)
}
Event: 30.222 {heap After GC invocations=23 (full 0):
 garbage-first heap   total reserved 7991296K, committed 253952K, used 89156K [0x0000000618400000, 0x0000000800000000)
  region size 4096K, 1 young (4096K), 1 survivors (4096K)
}
Event: 30.514 {heap Before GC invocations=23 (full 0):
 garbage-first heap   total reserved 7991296K, committed 253952K, used 113732K [0x0000000618400000, 0x0000000800000000)
  region size 4096K, 2 young (8192K), 1 survivors (4096K)
}
Event: 30.515 {heap After GC invocations=24 (full 0):
 garbage-first heap   total reserved 7991296K, committed 253952K, used 81052K [0x0000000618400000, 0x0000000800000000)
  region size 4096K, 1 young (4096K), 1 survivors (4096K)
}
Event: 31.602 {heap Before GC invocations=24 (full 0):
 garbage-first heap   total reserved 7991296K, committed 253952K, used 113820K [0x0000000618400000, 0x0000000800000000)
  region size 4096K, 2 young (8192K), 1 survivors (4096K)
}
Event: 31.604 {heap After GC invocations=25 (full 0):
 garbage-first heap   total reserved 7991296K, committed 253952K, used 89173K [0x0000000618400000, 0x0000000800000000)
  region size 4096K, 1 young (4096K), 1 survivors (4096K)
}
Event: 31.839 {heap Before GC invocations=25 (full 0):
 garbage-first heap   total reserved 7991296K, committed 253952K, used 113749K [0x0000000618400000, 0x0000000800000000)
  region size 4096K, 2 young (8192K), 1 survivors (4096K)
}
Event: 31.841 {heap After GC invocations=26 (full 0):
 garbage-first heap   total reserved 7991296K, committed 253952K, used 80965K [0x0000000618400000, 0x0000000800000000)
  region size 4096K, 1 young (4096K), 1 survivors (4096K)
}
Event: 35.392 {heap Before GC invocations=26 (full 0):
 garbage-first heap   total reserved 7991296K, committed 253952K, used 117829K [0x0000000618400000, 0x0000000800000000)
  region size 4096K, 3 young (12288K), 1 survivors (4096K)
}
Event: 35.393 {heap After GC invocations=27 (full 0):
 garbage-first heap   total reserved 7991296K, committed 253952K, used 89330K [0x0000000618400000, 0x0000000800000000)
  region size 4096K, 1 young (4096K), 1 survivors (4096K)
}
Event: 37.711 {heap Before GC invocations=27 (full 0):
 garbage-first heap   total reserved 7991296K, committed 253952K, used 118002K [0x0000000618400000, 0x0000000800000000)
  region size 4096K, 3 young (12288K), 1 survivors (4096K)
}
Event: 37.712 {heap After GC invocations=28 (full 0):
 garbage-first heap   total reserved 7991296K, committed 253952K, used 81042K [0x0000000618400000, 0x0000000800000000)
  region size 4096K, 1 young (4096K), 1 survivors (4096K)
}
Event: 41.440 {heap Before GC invocations=28 (full 0):
 garbage-first heap   total reserved 7991296K, committed 253952K, used 126098K [0x0000000618400000, 0x0000000800000000)
  region size 4096K, 5 young (20480K), 1 survivors (4096K)
}
Event: 41.442 {heap After GC invocations=29 (full 0):
 garbage-first heap   total reserved 7991296K, committed 253952K, used 90320K [0x0000000618400000, 0x0000000800000000)
  region size 4096K, 1 young (4096K), 1 survivors (4096K)
}
Event: 59.208 {heap Before GC invocations=29 (full 0):
 garbage-first heap   total reserved 7991296K, committed 253952K, used 139472K [0x0000000618400000, 0x0000000800000000)
  region size 4096K, 8 young (32768K), 1 survivors (4096K)
}
Event: 59.210 {heap After GC invocations=30 (full 0):
 garbage-first heap   total reserved 7991296K, committed 253952K, used 81801K [0x0000000618400000, 0x0000000800000000)
  region size 4096K, 1 young (4096K), 1 survivors (4096K)
}
Event: 60.670 {heap Before GC invocations=30 (full 0):
 garbage-first heap   total reserved 7991296K, committed 253952K, used 118665K [0x0000000618400000, 0x0000000800000000)
  region size 4096K, 3 young (12288K), 1 survivors (4096K)
}
Event: 60.671 {heap After GC invocations=31 (full 0):
 garbage-first heap   total reserved 7991296K, committed 253952K, used 81426K [0x0000000618400000, 0x0000000800000000)
  region size 4096K, 1 young (4096K), 1 survivors (4096K)
}

Metaspace Usage History (20 events):
Event: 29.839 {metaspace Before GC invocations=21 (full 0):
 Metaspace       used 44622K, committed 45312K, reserved 1114112K
  class space    used 4582K, committed 4864K, reserved 1048576K
}
Event: 29.841 {metaspace After GC invocations=22 (full 0):
 Metaspace       used 44622K, committed 45312K, reserved 1114112K
  class space    used 4582K, committed 4864K, reserved 1048576K
}
Event: 30.221 {metaspace Before GC invocations=22 (full 0):
 Metaspace       used 44679K, committed 45376K, reserved 1114112K
  class space    used 4582K, committed 4864K, reserved 1048576K
}
Event: 30.222 {metaspace After GC invocations=23 (full 0):
 Metaspace       used 44679K, committed 45376K, reserved 1114112K
  class space    used 4582K, committed 4864K, reserved 1048576K
}
Event: 30.514 {metaspace Before GC invocations=23 (full 0):
 Metaspace       used 44687K, committed 45376K, reserved 1114112K
  class space    used 4582K, committed 4864K, reserved 1048576K
}
Event: 30.515 {metaspace After GC invocations=24 (full 0):
 Metaspace       used 44687K, committed 45376K, reserved 1114112K
  class space    used 4582K, committed 4864K, reserved 1048576K
}
Event: 31.602 {metaspace Before GC invocations=24 (full 0):
 Metaspace       used 44707K, committed 45376K, reserved 1114112K
  class space    used 4582K, committed 4864K, reserved 1048576K
}
Event: 31.604 {metaspace After GC invocations=25 (full 0):
 Metaspace       used 44707K, committed 45376K, reserved 1114112K
  class space    used 4582K, committed 4864K, reserved 1048576K
}
Event: 31.839 {metaspace Before GC invocations=25 (full 0):
 Metaspace       used 44731K, committed 45440K, reserved 1114112K
  class space    used 4582K, committed 4864K, reserved 1048576K
}
Event: 31.841 {metaspace After GC invocations=26 (full 0):
 Metaspace       used 44731K, committed 45440K, reserved 1114112K
  class space    used 4582K, committed 4864K, reserved 1048576K
}
Event: 35.392 {metaspace Before GC invocations=26 (full 0):
 Metaspace       used 44753K, committed 45440K, reserved 1114112K
  class space    used 4583K, committed 4864K, reserved 1048576K
}
Event: 35.393 {metaspace After GC invocations=27 (full 0):
 Metaspace       used 44753K, committed 45440K, reserved 1114112K
  class space    used 4583K, committed 4864K, reserved 1048576K
}
Event: 37.711 {metaspace Before GC invocations=27 (full 0):
 Metaspace       used 44769K, committed 45440K, reserved 1114112K
  class space    used 4584K, committed 4864K, reserved 1048576K
}
Event: 37.712 {metaspace After GC invocations=28 (full 0):
 Metaspace       used 44769K, committed 45440K, reserved 1114112K
  class space    used 4584K, committed 4864K, reserved 1048576K
}
Event: 41.440 {metaspace Before GC invocations=28 (full 0):
 Metaspace       used 44926K, committed 45632K, reserved 1114112K
  class space    used 4584K, committed 4864K, reserved 1048576K
}
Event: 41.442 {metaspace After GC invocations=29 (full 0):
 Metaspace       used 44926K, committed 45632K, reserved 1114112K
  class space    used 4584K, committed 4864K, reserved 1048576K
}
Event: 59.208 {metaspace Before GC invocations=29 (full 0):
 Metaspace       used 45009K, committed 45696K, reserved 1114112K
  class space    used 4588K, committed 4864K, reserved 1048576K
}
Event: 59.210 {metaspace After GC invocations=30 (full 0):
 Metaspace       used 45009K, committed 45696K, reserved 1114112K
  class space    used 4588K, committed 4864K, reserved 1048576K
}
Event: 60.670 {metaspace Before GC invocations=30 (full 0):
 Metaspace       used 45015K, committed 45696K, reserved 1114112K
  class space    used 4588K, committed 4864K, reserved 1048576K
}
Event: 60.671 {metaspace After GC invocations=31 (full 0):
 Metaspace       used 45015K, committed 45696K, reserved 1114112K
  class space    used 4588K, committed 4864K, reserved 1048576K
}

Dll operation events (20 events):
Event: 0.012 Attempting to load shared library /home/mahalo/.local/share/JetBrains/Toolbox/apps/datagrip/jbr/lib/libsimdsort.so
Event: 0.012 Loaded shared library /home/mahalo/.local/share/JetBrains/Toolbox/apps/datagrip/jbr/lib/libsimdsort.so
Event: 0.019 Attempting to load shared library /home/mahalo/.local/share/JetBrains/Toolbox/apps/datagrip/jbr/lib/libnio.so
Event: 0.019 Loaded shared library /home/mahalo/.local/share/JetBrains/Toolbox/apps/datagrip/jbr/lib/libnio.so
Event: 0.020 Attempting to load shared library /home/mahalo/.local/share/JetBrains/Toolbox/apps/datagrip/jbr/lib/libzip.so
Event: 0.020 Loaded shared library /home/mahalo/.local/share/JetBrains/Toolbox/apps/datagrip/jbr/lib/libzip.so
Event: 0.083 Attempting to load shared library /home/mahalo/.local/share/JetBrains/Toolbox/apps/datagrip/jbr/lib/libzip.so
Event: 0.083 Loaded shared library /home/mahalo/.local/share/JetBrains/Toolbox/apps/datagrip/jbr/lib/libzip.so
Event: 0.102 Attempting to load shared library /home/mahalo/.local/share/JetBrains/Toolbox/apps/datagrip/jbr/lib/libjimage.so
Event: 0.102 Loaded shared library /home/mahalo/.local/share/JetBrains/Toolbox/apps/datagrip/jbr/lib/libjimage.so
Event: 0.108 Attempting to load shared library /home/mahalo/.local/share/JetBrains/Toolbox/apps/datagrip/jbr/lib/libawt.so
Event: 0.108 Loaded shared library /home/mahalo/.local/share/JetBrains/Toolbox/apps/datagrip/jbr/lib/libawt.so
Event: 0.109 Attempting to load shared library /home/mahalo/.local/share/JetBrains/Toolbox/apps/datagrip/jbr/lib/libawt_wlawt.so
Event: 0.110 Loaded shared library /home/mahalo/.local/share/JetBrains/Toolbox/apps/datagrip/jbr/lib/libawt_wlawt.so
Event: 0.141 Attempting to load shared library /home/mahalo/.local/share/JetBrains/Toolbox/apps/datagrip/jbr/lib/libnet.so
Event: 0.141 Loaded shared library /home/mahalo/.local/share/JetBrains/Toolbox/apps/datagrip/jbr/lib/libnet.so
Event: 0.156 Attempting to load shared library /tmp/androidx_sqliteJni3022753660113618276.tmp
Event: 0.156 Loaded shared library /tmp/androidx_sqliteJni3022753660113618276.tmp
Event: 0.211 Attempting to load shared library /home/mahalo/.skiko/skiko-linux-x64-10674295a4eb78232b97fb94c20a66687b8af8e4b512b1224dcf75f8e16cc030/libskiko-linux-x64.so
Event: 0.227 Loaded shared library /home/mahalo/.skiko/skiko-linux-x64-10674295a4eb78232b97fb94c20a66687b8af8e4b512b1224dcf75f8e16cc030/libskiko-linux-x64.so

Deoptimization events (20 events):
Event: 59.163 Thread 0x00007f7ce0005730 Uncommon trap: trap_request=0xffffff6e fr.pc=0x00007f7d55406320 relative=0x00000000000001a0
Event: 59.163 Thread 0x00007f7ce0005730 Uncommon trap: reason=predicate action=maybe_recompile pc=0x00007f7d55406320 method=java.util.Arrays$ArrayList.indexOf(Ljava/lang/Object;)I @ 39 c2
Event: 59.163 Thread 0x00007f7ce0005730 DEOPT PACKING pc=0x00007f7d55406320 sp=0x00007f7d2a02d920
Event: 59.163 Thread 0x00007f7ce0005730 DEOPT UNPACKING pc=0x00007f7d54992179 sp=0x00007f7d2a02d8d8 mode 2
Event: 59.171 Thread 0x00007f7ce0005730 Uncommon trap: trap_request=0xffffff45 fr.pc=0x00007f7d55429038 relative=0x0000000000000eb8
Event: 59.171 Thread 0x00007f7ce0005730 Uncommon trap: reason=unstable_if action=reinterpret pc=0x00007f7d55429038 method=androidx.compose.ui.text.SpanStyleKt.fastMerge-dSHsh3o(Landroidx/compose/ui/text/SpanStyle;JLandroidx/compose/ui/graphics/Brush;FJLandroidx/compose/ui/text/font/FontWeight;L
Event: 59.171 Thread 0x00007f7ce0005730 DEOPT PACKING pc=0x00007f7d55429038 sp=0x00007f7d2a029570
Event: 59.171 Thread 0x00007f7ce0005730 DEOPT UNPACKING pc=0x00007f7d54992179 sp=0x00007f7d2a0293e8 mode 2
Event: 59.171 Thread 0x00007f7ce0005730 Uncommon trap: trap_request=0xffffff45 fr.pc=0x00007f7d55339e14 relative=0x0000000000000f94
Event: 59.171 Thread 0x00007f7ce0005730 Uncommon trap: reason=unstable_if action=reinterpret pc=0x00007f7d55339e14 method=androidx.compose.ui.node.LayoutNode.setLayoutDirection(Landroidx/compose/ui/unit/LayoutDirection;)V @ 5 c2
Event: 59.171 Thread 0x00007f7ce0005730 DEOPT PACKING pc=0x00007f7d55339e14 sp=0x00007f7d2a02e020
Event: 59.171 Thread 0x00007f7ce0005730 DEOPT UNPACKING pc=0x00007f7d54992179 sp=0x00007f7d2a02de48 mode 2
Event: 59.202 Thread 0x00007f7ce0005730 Uncommon trap: trap_request=0xffffff6e fr.pc=0x00007f7d553c7090 relative=0x0000000000002470
Event: 59.202 Thread 0x00007f7ce0005730 Uncommon trap: reason=predicate action=maybe_recompile pc=0x00007f7d553c7090 method=androidx.compose.foundation.layout.RowColumnMeasurePolicyKt.measure(Landroidx/compose/foundation/layout/RowColumnMeasurePolicy;IIIIILandroidx/compose/ui/layout/MeasureScop
Event: 59.202 Thread 0x00007f7ce0005730 DEOPT PACKING pc=0x00007f7d553c7090 sp=0x00007f7d2a02d400
Event: 59.202 Thread 0x00007f7ce0005730 DEOPT UNPACKING pc=0x00007f7d54992179 sp=0x00007f7d2a02d338 mode 2
Event: 60.753 Thread 0x00007f7ce0005730 Uncommon trap: trap_request=0xffffff45 fr.pc=0x00007f7d55464de8 relative=0x00000000000000e8
Event: 60.753 Thread 0x00007f7ce0005730 Uncommon trap: reason=unstable_if action=reinterpret pc=0x00007f7d55464de8 method=androidx.compose.animation.core.SpringSpec.equals(Ljava/lang/Object;)Z @ 42 c2
Event: 60.753 Thread 0x00007f7ce0005730 DEOPT PACKING pc=0x00007f7d55464de8 sp=0x00007f7d2a02d430
Event: 60.753 Thread 0x00007f7ce0005730 DEOPT UNPACKING pc=0x00007f7d54992179 sp=0x00007f7d2a02d3e0 mode 2

Classes loaded (20 events):
Event: 3.061 Loading class sun/awt/wl/im/text_input_unstable_v3/OutgoingChanges
Event: 3.061 Loading class sun/awt/wl/im/text_input_unstable_v3/OutgoingChanges done
Event: 3.061 Loading class sun/lwawt/LWComponentPeer
Event: 3.062 Loading class sun/lwawt/LWComponentPeer done
Event: 3.062 Loading class sun/lwawt/LWComponentPeer$DelegateContainer
Event: 3.062 Loading class sun/lwawt/LWComponentPeer$DelegateContainer done
Event: 3.062 Loading class sun/awt/wl/im/text_input_unstable_v3/OutgoingBeingCommittedChanges
Event: 3.062 Loading class sun/awt/wl/im/text_input_unstable_v3/OutgoingBeingCommittedChanges done
Event: 3.062 Loading class sun/awt/wl/im/text_input_unstable_v3/InputContextState$StateOfEnabled
Event: 3.062 Loading class sun/awt/wl/im/text_input_unstable_v3/InputContextState$StateOfEnabled done
Event: 3.068 Loading class java/awt/Event
Event: 3.068 Loading class java/awt/Event done
Event: 6.243 Loading class javax/swing/CellRendererPane
Event: 6.243 Loading class javax/swing/CellRendererPane done
Event: 8.412 Loading class java/awt/ColorPaintContext
Event: 8.412 Loading class java/awt/PaintContext
Event: 8.412 Loading class java/awt/PaintContext done
Event: 8.412 Loading class java/awt/ColorPaintContext done
Event: 8.412 Loading class sun/java2d/pipe/AlphaPaintPipe$TileContext
Event: 8.412 Loading class sun/java2d/pipe/AlphaPaintPipe$TileContext done

Classes unloaded (0 events):
No events

Classes redefined (0 events):
No events

Internal exceptions (20 events):
Event: 8.364 Thread 0x00007f7ce0005730 Exception <a 'java/lang/NoSuchMethodError'{0x0000000634cb0410}: 'java.lang.Object java.lang.invoke.DirectMethodHandle$Holder.invokeStatic(java.lang.Object, java.lang.Object, java.lang.Object, int, java.lang.Object, java.lang.Object, int)'> (0x0000000634cb0410) 
thrown [src/hotspot/share/interpreter/linkResolver.cpp, line 814]
Event: 8.366 Thread 0x00007f7ce0005730 Exception <a 'java/lang/NoSuchMethodError'{0x0000000634d19da8}: 'java.lang.Object java.lang.invoke.DirectMethodHandle$Holder.invokeStaticInit(java.lang.Object, java.lang.Object, java.lang.Object, java.lang.Object)'> (0x0000000634d19da8) 
thrown [src/hotspot/share/interpreter/linkResolver.cpp, line 814]
Event: 8.367 Thread 0x00007f7ce0005730 Exception <a 'java/lang/NoSuchMethodError'{0x0000000634d7d160}: 'java.lang.Object java.lang.invoke.DirectMethodHandle$Holder.invokeStatic(java.lang.Object, int, java.lang.Object, java.lang.Object, java.lang.Object, java.lang.Object)'> (0x0000000634d7d160) 
thrown [src/hotspot/share/interpreter/linkResolver.cpp, line 814]
Event: 8.367 Thread 0x00007f7ce0005730 Exception <a 'java/lang/NoSuchMethodError'{0x0000000634d8e520}: 'java.lang.Object java.lang.invoke.DirectMethodHandle$Holder.newInvokeSpecial(java.lang.Object, int, java.lang.Object, java.lang.Object, java.lang.Object)'> (0x0000000634d8e520) 
thrown [src/hotspot/share/interpreter/linkResolver.cpp, line 814]
Event: 8.367 Thread 0x00007f7ce0005730 Exception <a 'java/lang/NoSuchMethodError'{0x0000000634d975a8}: 'java.lang.Object java.lang.invoke.DirectMethodHandle$Holder.invokeSpecial(java.lang.Object, java.lang.Object, int, java.lang.Object, java.lang.Object, java.lang.Object)'> (0x0000000634d975a8) 
thrown [src/hotspot/share/interpreter/linkResolver.cpp, line 814]
Event: 8.367 Thread 0x00007f7ce0005730 Exception <a 'java/lang/NoSuchMethodError'{0x0000000634d9fed0}: 'java.lang.Object java.lang.invoke.Invokers$Holder.linkToTargetMethod(int, java.lang.Object, java.lang.Object, java.lang.Object, java.lang.Object)'> (0x0000000634d9fed0) 
thrown [src/hotspot/share/interpreter/linkResolver.cpp, line 814]
Event: 8.368 Thread 0x00007f7ce0005730 Exception <a 'java/lang/NoSuchMethodError'{0x0000000634de58d8}: 'java.lang.Object java.lang.invoke.DirectMethodHandle$Holder.invokeStatic(java.lang.Object, float, java.lang.Object, java.lang.Object, java.lang.Object, java.lang.Object)'> (0x0000000634de58d8) 
thrown [src/hotspot/share/interpreter/linkResolver.cpp, line 814]
Event: 8.368 Thread 0x00007f7ce0005730 Exception <a 'java/lang/NoSuchMethodError'{0x0000000634df7140}: 'java.lang.Object java.lang.invoke.DirectMethodHandle$Holder.newInvokeSpecial(java.lang.Object, float, java.lang.Object)'> (0x0000000634df7140) 
thrown [src/hotspot/share/interpreter/linkResolver.cpp, line 814]
Event: 8.369 Thread 0x00007f7ce0005730 Exception <a 'java/lang/NoSuchMethodError'{0x0000000634e3d7f8}: 'java.lang.Object java.lang.invoke.DirectMethodHandle$Holder.newInvokeSpecial(java.lang.Object, java.lang.Object, java.lang.Object, int, java.lang.Object, java.lang.Object, java.lang.Object, int)'> (0x0000000634e3d7f8) 
thrown [src/hotspot/share/interpreter/linkResolver.cpp, line 814]
Event: 8.369 Thread 0x00007f7ce0005730 Exception <a 'java/lang/NoSuchMethodError'{0x0000000634e46ab0}: 'java.lang.Object java.lang.invoke.DirectMethodHandle$Holder.invokeSpecial(java.lang.Object, java.lang.Object, java.lang.Object, java.lang.Object, int, java.lang.Object, java.lang.Object, java.lang.Object, int)'> (0x0000000634e46ab0) 
thrown [src/hotspot/share/interpreter/linkResolver.cpp, line 814]
Event: 8.427 Thread 0x00007f7ce0005730 Exception <a 'java/lang/NoSuchMethodError'{0x0000000634898cf0}: 'java.lang.Object java.lang.invoke.DirectMethodHandle$Holder.newInvokeSpecial(java.lang.Object, java.lang.Object, int, int, java.lang.Object, java.lang.Object, java.lang.Object)'> (0x0000000634898cf0) 
thrown [src/hotspot/share/interpreter/linkResolver.cpp, line 814]
Event: 8.427 Thread 0x00007f7ce0005730 Exception <a 'java/lang/NoSuchMethodError'{0x00000006348a2160}: 'java.lang.Object java.lang.invoke.DirectMethodHandle$Holder.invokeSpecial(java.lang.Object, java.lang.Object, java.lang.Object, int, int, java.lang.Object, java.lang.Object, java.lang.Object)'> (0x00000006348a2160) 
thrown [src/hotspot/share/interpreter/linkResolver.cpp, line 814]
Event: 10.807 Thread 0x00007f7ce0005730 Implicit null exception at 0x00007f7d55272cc4 to 0x00007f7d55272d39
Event: 10.811 Thread 0x00007f7ce0005730 Exception <a 'java/lang/NoSuchMethodError'{0x0000000634d072e8}: 'java.lang.Object java.lang.invoke.DirectMethodHandle$Holder.invokeStatic(java.lang.Object, int, java.lang.Object, int)'> (0x0000000634d072e8) 
thrown [src/hotspot/share/interpreter/linkResolver.cpp, line 814]
Event: 10.819 Thread 0x00007f7ce0005730 Exception <a 'java/lang/NoSuchMethodError'{0x0000000634ec27f8}: 'java.lang.Object java.lang.invoke.DirectMethodHandle$Holder.invokeStatic(java.lang.Object, java.lang.Object, long, java.lang.Object)'> (0x0000000634ec27f8) 
thrown [src/hotspot/share/interpreter/linkResolver.cpp, line 814]
Event: 16.739 Thread 0x00007f7ce0005730 Implicit null exception at 0x00007f7d552ce0f7 to 0x00007f7d552cecf8
Event: 17.117 Thread 0x00007f7ce0005730 Implicit null exception at 0x00007f7d5528e9b2 to 0x00007f7d5528fb18
Event: 20.249 Thread 0x00007f7ce0005730 Implicit null exception at 0x00007f7d552ccd92 to 0x00007f7d552cd588
Event: 50.372 Thread 0x00007f7ce0005730 Implicit null exception at 0x00007f7d553210b6 to 0x00007f7d55321364
Event: 54.479 Thread 0x00007f7ce0005730 Implicit null exception at 0x00007f7d553d0e68 to 0x00007f7d553d1548

VM Operations (20 events):
Event: 30.514 Executing safepoint VM operation: G1TryInitiateConcMark (G1 Humongous Allocation)
Event: 30.515 Executing safepoint VM operation: G1TryInitiateConcMark (G1 Humongous Allocation) done
Event: 31.602 Executing safepoint VM operation: G1TryInitiateConcMark (G1 Humongous Allocation)
Event: 31.604 Executing safepoint VM operation: G1TryInitiateConcMark (G1 Humongous Allocation) done
Event: 31.839 Executing safepoint VM operation: G1TryInitiateConcMark (G1 Humongous Allocation)
Event: 31.841 Executing safepoint VM operation: G1TryInitiateConcMark (G1 Humongous Allocation) done
Event: 35.392 Executing safepoint VM operation: G1TryInitiateConcMark (G1 Humongous Allocation)
Event: 35.393 Executing safepoint VM operation: G1TryInitiateConcMark (G1 Humongous Allocation) done
Event: 37.711 Executing safepoint VM operation: G1TryInitiateConcMark (G1 Humongous Allocation)
Event: 37.712 Executing safepoint VM operation: G1TryInitiateConcMark (G1 Humongous Allocation) done
Event: 41.440 Executing safepoint VM operation: G1TryInitiateConcMark (G1 Humongous Allocation)
Event: 41.442 Executing safepoint VM operation: G1TryInitiateConcMark (G1 Humongous Allocation) done
Event: 59.208 Executing safepoint VM operation: G1TryInitiateConcMark (G1 Humongous Allocation)
Event: 59.210 Executing safepoint VM operation: G1TryInitiateConcMark (G1 Humongous Allocation) done
Event: 60.025 Executing non-safepoint VM operation: HandshakeAllThreads (HandshakeForDeflation)
Event: 60.025 Executing non-safepoint VM operation: HandshakeAllThreads (HandshakeForDeflation) done
Event: 60.025 Executing non-safepoint VM operation: RendezvousGCThreads
Event: 60.025 Executing non-safepoint VM operation: RendezvousGCThreads done
Event: 60.670 Executing safepoint VM operation: G1TryInitiateConcMark (G1 Humongous Allocation)
Event: 60.671 Executing safepoint VM operation: G1TryInitiateConcMark (G1 Humongous Allocation) done

Memory protections (20 events):
Event: 17.173 Protecting memory [0x00007f7d2aee9000,0x00007f7d2aeed000] with protection modes 0
Event: 19.502 Protecting memory [0x00007f7d2b200000,0x00007f7d2b204000] with protection modes 0
Event: 19.502 Protecting memory [0x00007f7d2aee9000,0x00007f7d2aeed000] with protection modes 0
Event: 23.973 Protecting memory [0x00007f7d2b200000,0x00007f7d2b204000] with protection modes 0
Event: 24.416 Protecting memory [0x00007f7d2aee9000,0x00007f7d2aeed000] with protection modes 0
Event: 24.631 Protecting memory [0x00007f7d2ade9000,0x00007f7d2aded000] with protection modes 0
Event: 24.631 Protecting memory [0x00007f7d2afe9000,0x00007f7d2afed000] with protection modes 0
Event: 25.776 Protecting memory [0x00007f7d2afe9000,0x00007f7d2afed000] with protection modes 0
Event: 28.773 Protecting memory [0x00007f7d2b200000,0x00007f7d2b204000] with protection modes 0
Event: 29.995 Protecting memory [0x00007f7d2ade9000,0x00007f7d2aded000] with protection modes 0
Event: 29.996 Protecting memory [0x00007f7d2afe9000,0x00007f7d2afed000] with protection modes 0
Event: 31.328 Protecting memory [0x00007f7d2ade9000,0x00007f7d2aded000] with protection modes 0
Event: 37.943 Protecting memory [0x00007f7d2b200000,0x00007f7d2b204000] with protection modes 0
Event: 41.316 Protecting memory [0x00007f7d2b200000,0x00007f7d2b204000] with protection modes 0
Event: 58.822 Protecting memory [0x00007f7d2b200000,0x00007f7d2b204000] with protection modes 0
Event: 58.822 Protecting memory [0x00007f7d2ade9000,0x00007f7d2aded000] with protection modes 0
Event: 58.822 Protecting memory [0x00007f7d2afe9000,0x00007f7d2afed000] with protection modes 0
Event: 59.608 Protecting memory [0x00007f7d2aee9000,0x00007f7d2aeed000] with protection modes 0
Event: 59.608 Protecting memory [0x00007f7ca9b00000,0x00007f7ca9b04000] with protection modes 0
Event: 60.756 Protecting memory [0x00007f7d2b200000,0x00007f7d2b204000] with protection modes 0

Nmethod flushes (20 events):
Event: 8.444 Thread 0x00007f7d60121590 flushing  nmethod 0x00007f7d4d84c208
Event: 8.444 Thread 0x00007f7d60121590 flushing  nmethod 0x00007f7d4d84c908
Event: 8.444 Thread 0x00007f7d60121590 flushing  nmethod 0x00007f7d4d84d488
Event: 8.444 Thread 0x00007f7d60121590 flushing  nmethod 0x00007f7d4d84d788
Event: 8.444 Thread 0x00007f7d60121590 flushing  nmethod 0x00007f7d4d84da88
Event: 8.444 Thread 0x00007f7d60121590 flushing  nmethod 0x00007f7d4d84e088
Event: 8.444 Thread 0x00007f7d60121590 flushing  nmethod 0x00007f7d4d875f88
Event: 8.444 Thread 0x00007f7d60121590 flushing  nmethod 0x00007f7d4d8b6a88
Event: 8.444 Thread 0x00007f7d60121590 flushing  nmethod 0x00007f7d4d8b6d88
Event: 8.444 Thread 0x00007f7d60121590 flushing  nmethod 0x00007f7d4d8b7088
Event: 8.444 Thread 0x00007f7d60121590 flushing  nmethod 0x00007f7d4d8ef088
Event: 8.444 Thread 0x00007f7d60121590 flushing  nmethod 0x00007f7d4d8f4888
Event: 8.444 Thread 0x00007f7d60121590 flushing  nmethod 0x00007f7d4d8f5c08
Event: 8.444 Thread 0x00007f7d60121590 flushing  nmethod 0x00007f7d4d8f6e08
Event: 8.444 Thread 0x00007f7d60121590 flushing  nmethod 0x00007f7d4d91c488
Event: 8.444 Thread 0x00007f7d60121590 flushing  nmethod 0x00007f7d4d91d408
Event: 8.444 Thread 0x00007f7d60121590 flushing  nmethod 0x00007f7d4d91dd08
Event: 8.444 Thread 0x00007f7d60121590 flushing  nmethod 0x00007f7d4d91f588
Event: 8.444 Thread 0x00007f7d60121590 flushing  nmethod 0x00007f7d4d9c8408
Event: 8.444 Thread 0x00007f7d60121590 flushing  nmethod 0x00007f7d4dc38188

Events (20 events):
Event: 31.278 Thread 0x00007f7cf4e31620 Thread exited: 0x00007f7cf4e31620
Event: 31.328 Thread 0x00007f7d6013a030 Thread added: 0x00007f7d00297ea0
Event: 35.394 Thread 0x00007f7d00297ea0 Thread exited: 0x00007f7d00297ea0
Event: 35.966 Thread 0x00007f7d001c50c0 Thread exited: 0x00007f7d001c50c0
Event: 37.943 Thread 0x00007f7d60138640 Thread added: 0x00007f7cfc651440
Event: 38.564 Thread 0x00007f7cfc651440 Thread exited: 0x00007f7cfc651440
Event: 41.316 Thread 0x00007f7d6013a030 Thread added: 0x00007f7d009bc0c0
Event: 41.442 Thread 0x00007f7d009bc0c0 Thread exited: 0x00007f7d009bc0c0
Event: 58.822 Thread 0x00007f7d6013a030 Thread added: 0x00007f7d00938350
Event: 58.822 Thread 0x00007f7d6013a030 Thread added: 0x00007f7d00939520
Event: 58.822 Thread 0x00007f7d6013a030 Thread added: 0x00007f7d0064ba60
Event: 59.608 Thread 0x00007f7d00939520 Thread added: 0x00007f7c541aed80
Event: 59.608 Thread 0x00007f7d00939520 Thread added: 0x00007f7c5411a950
Event: 59.750 Thread 0x00007f7d0064ba60 Thread exited: 0x00007f7d0064ba60
Event: 59.750 Thread 0x00007f7c5411a950 Thread exited: 0x00007f7c5411a950
Event: 60.497 Thread 0x00007f7c541aed80 Thread exited: 0x00007f7c541aed80
Event: 60.497 Thread 0x00007f7d00939520 Thread exited: 0x00007f7d00939520
Event: 60.501 Thread 0x00007f7d00938350 Thread exited: 0x00007f7d00938350
Event: 60.756 Thread 0x00007f7d6013a030 Thread added: 0x00007f7d008240e0
Event: 60.915 Thread 0x00007f7d008240e0 Thread exited: 0x00007f7d008240e0


Dynamic libraries:
414e9000-414eb000 r-xs 00000000 00:01 110958                             /memfd:/.glXXXXXX (deleted)
41c43000-41cf2000 rw-p 00000000 00:00 0 
4a000000-4a001000 ---p 00000000 00:00 0 
4a001000-4bcdb000 rw-p 00001000 00:24 56312701                           /home/mahalo/.local/share/JetBrains/Toolbox/apps/datagrip/jbr/lib/server/classes.jsa
4bcdb000-4c000000 ---p 00000000 00:00 0 
4c000000-4c040000 rw-p 00000000 00:00 0 
4c040000-4c0c0000 rw-p 00000000 00:00 0 
4c0c0000-4c100000 rw-p 00000000 00:00 0 
4c100000-4c240000 rw-p 00000000 00:00 0 
4c240000-4c270000 rw-p 00000000 00:00 0 
4c270000-4c280000 ---p 00000000 00:00 0 
4c280000-4c4d0000 rw-p 00000000 00:00 0 
4c4d0000-8c000000 ---p 00000000 00:00 0 
618400000-626400000 rw-p 00000000 00:00 0 
626400000-634800000 ---p 00000000 00:00 0 
634800000-635000000 rw-p 00000000 00:00 0 
635000000-636800000 ---p 00000000 00:00 0 
636800000-636c00000 rw-p 00000000 00:00 0 
636c00000-7ff400000 ---p 00000000 00:00 0 
7ff400000-7ffc00000 rw-p 00000000 00:00 0 
7ffc00000-7ffe4a000 rw-p 01d4a000 00:24 56312701                         /home/mahalo/.local/share/JetBrains/Toolbox/apps/datagrip/jbr/lib/server/classes.jsa
7ffe4a000-800000000 rw-p 00000000 00:00 0 
5572bdb6b000-5572bdb6c000 r--p 00000000 00:24 56313145                   /home/mahalo/.local/share/JetBrains/Toolbox/apps/datagrip/jbr/bin/java
5572bdb6c000-5572bdb6d000 r-xp 00001000 00:24 56313145                   /home/mahalo/.local/share/JetBrains/Toolbox/apps/datagrip/jbr/bin/java
5572bdb6d000-5572bdb6e000 r--p 00002000 00:24 56313145                   /home/mahalo/.local/share/JetBrains/Toolbox/apps/datagrip/jbr/bin/java
5572bdb6e000-5572bdb6f000 r--p 00002000 00:24 56313145                   /home/mahalo/.local/share/JetBrains/Toolbox/apps/datagrip/jbr/bin/java
5572bdb6f000-5572bdb70000 rw-p 00003000 00:24 56313145                   /home/mahalo/.local/share/JetBrains/Toolbox/apps/datagrip/jbr/bin/java
5572e7952000-5572e8801000 rw-p 00000000 00:00 0                          [heap]
7f7c34000000-7f7c365cb000 rw-p 00000000 00:00 0 
7f7c365cb000-7f7c38000000 ---p 00000000 00:00 0 
7f7c38000000-7f7c38481000 rw-p 00000000 00:00 0 
7f7c38481000-7f7c3c000000 ---p 00000000 00:00 0 
7f7c3c000000-7f7c3cad8000 rw-p 00000000 00:00 0 
7f7c3cad8000-7f7c40000000 ---p 00000000 00:00 0 
7f7c44000000-7f7c48000000 rw-p 00000000 00:00 0 
7f7c4c000000-7f7c4c021000 rw-p 00000000 00:00 0 
7f7c4c021000-7f7c50000000 ---p 00000000 00:00 0 
7f7c54000000-7f7c545ba000 rw-p 00000000 00:00 0 
7f7c545ba000-7f7c58000000 ---p 00000000 00:00 0 
7f7c59b20000-7f7c59f20000 rw-s 00000000 00:07 1451                       /dev/nvidiactl
7f7c5a320000-7f7c5a720000 rw-s 00000000 00:07 1451                       /dev/nvidiactl
7f7c5a720000-7f7c5a821000 rw-p 00000000 00:00 0 
7f7c5a821000-7f7c5a99f000 r--p 00000000 00:24 8129332                    /usr/share/fonts/gnu-free/FreeSans.ttf
7f7c5a99f000-7f7c5b800000 rw-s 00000000 00:1b 4041                       /dev/shm/jwlshm-kbmpaJ (deleted)
7f7c5baff000-7f7c5bc00000 rw-p 00000000 00:00 0 
7f7c5bc00000-7f7c5c000000 rw-s 00000000 00:07 1451                       /dev/nvidiactl
7f7c5c000000-7f7c5c021000 rw-p 00000000 00:00 0 
7f7c5c021000-7f7c60000000 ---p 00000000 00:00 0 
7f7c60000000-7f7c60021000 rw-p 00000000 00:00 0 
7f7c60021000-7f7c64000000 ---p 00000000 00:00 0 
7f7c64000000-7f7c650b3000 rw-p 00000000 00:00 0 
7f7c650b3000-7f7c68000000 ---p 00000000 00:00 0 
7f7c68000000-7f7c69750000 rw-p 00000000 00:00 0 
7f7c69750000-7f7c6c000000 ---p 00000000 00:00 0 
7f7c6c000000-7f7c6c021000 rw-p 00000000 00:00 0 
7f7c6c021000-7f7c70000000 ---p 00000000 00:00 0 
7f7c70000000-7f7c70021000 rw-p 00000000 00:00 0 
7f7c70021000-7f7c74000000 ---p 00000000 00:00 0 
7f7c74000000-7f7c74021000 rw-p 00000000 00:00 0 
7f7c74021000-7f7c78000000 ---p 00000000 00:00 0 
7f7c78000000-7f7c78021000 rw-p 00000000 00:00 0 
7f7c78021000-7f7c7c000000 ---p 00000000 00:00 0 
7f7c7c000000-7f7c7c021000 rw-p 00000000 00:00 0 
7f7c7c021000-7f7c80000000 ---p 00000000 00:00 0 
7f7c80000000-7f7c80021000 rw-p 00000000 00:00 0 
7f7c80021000-7f7c84000000 ---p 00000000 00:00 0 
7f7c84000000-7f7c84021000 rw-p 00000000 00:00 0 
7f7c84021000-7f7c88000000 ---p 00000000 00:00 0 
7f7c88000000-7f7c88021000 rw-p 00000000 00:00 0 
7f7c88021000-7f7c8c000000 ---p 00000000 00:00 0 
7f7c8c000000-7f7c8c021000 rw-p 00000000 00:00 0 
7f7c8c021000-7f7c90000000 ---p 00000000 00:00 0 
7f7c90000000-7f7c90021000 rw-p 00000000 00:00 0 
7f7c90021000-7f7c94000000 ---p 00000000 00:00 0 
7f7c94000000-7f7c94021000 rw-p 00000000 00:00 0 
7f7c94021000-7f7c98000000 ---p 00000000 00:00 0 
7f7c98000000-7f7c98021000 rw-p 00000000 00:00 0 
7f7c98021000-7f7c9c000000 ---p 00000000 00:00 0 
7f7c9c000000-7f7c9c021000 rw-p 00000000 00:00 0 
7f7c9c021000-7f7ca0000000 ---p 00000000 00:00 0 
7f7ca0000000-7f7ca0046000 rw-p 00000000 00:00 0 
7f7ca0046000-7f7ca4000000 ---p 00000000 00:00 0 
7f7ca4000000-7f7ca4021000 rw-p 00000000 00:00 0 
7f7ca4021000-7f7ca8000000 ---p 00000000 00:00 0 
7f7ca8100000-7f7ca8201000 rw-p 00000000 00:00 0 
7f7ca8500000-7f7ca8900000 rw-s 00000000 00:07 1451                       /dev/nvidiactl
7f7ca8900000-7f7ca8a01000 rw-p 00000000 00:00 0 
7f7ca8a01000-7f7ca8c01000 rw-s 00000000 00:07 1451                       /dev/nvidiactl
7f7ca8c01000-7f7ca8e01000 rw-s 00000000 00:07 1451                       /dev/nvidiactl
7f7ca8e01000-7f7ca8f02000 rw-p 00000000 00:00 0 
7f7ca8f02000-7f7ca9000000 r--p 00000000 00:24 45613089                   /home/mahalo/.fonts/arial/ARIAL.TTF
7f7ca9000000-7f7ca9265000 r--p 00000000 00:24 219600                     /usr/share/fonts/3270NerdFontMono-Regular.ttf
7f7ca927b000-7f7ca9352000 r--p 00000000 00:24 8482024                    /usr/share/fonts/adwaita-sans-fonts/AdwaitaSans-Regular.ttf
7f7ca9352000-7f7ca9400000 r--p 00000000 00:24 8124570                    /usr/share/fonts/google-noto-vf/NotoSans[wght].ttf
7f7ca9400000-7f7ca9632000 r--p 00000000 00:24 219601                     /usr/share/fonts/AgaveNerdFontMono-Regular.ttf
7f7ca96b3000-7f7ca97b4000 rw-p 00000000 00:00 0 
7f7ca97b4000-7f7ca98a4000 r--p 00000000 00:24 45613976                   /home/mahalo/.fonts/arial/ARIALBD.TTF
7f7ca98a4000-7f7ca9952000 r--p 00000000 00:24 8124570                    /usr/share/fonts/google-noto-vf/NotoSans[wght].ttf
7f7ca9952000-7f7ca9a00000 r--p 00000000 00:24 8124570                    /usr/share/fonts/google-noto-vf/NotoSans[wght].ttf
7f7ca9a00000-7f7ca9a04000 ---p 00000000 00:00 0 
7f7ca9a04000-7f7ca9b00000 rw-p 00000000 00:00 0 
7f7ca9b00000-7f7ca9b04000 ---p 00000000 00:00 0 
7f7ca9b04000-7f7ca9c00000 rw-p 00000000 00:00 0 
7f7ca9e00000-7f7caa000000 rw-s 00000000 00:07 1451                       /dev/nvidiactl
7f7caa000000-7f7caa398000 r--p 00000000 00:24 15367386                   /usr/lib64/libnvidia-gpucomp.so.615.71.09
7f7caa398000-7f7caeb98000 r-xp 00398000 00:24 15367386                   /usr/lib64/libnvidia-gpucomp.so.615.71.09
7f7caeb98000-7f7cb0f9b000 r--p 04b98000 00:24 15367386                   /usr/lib64/libnvidia-gpucomp.so.615.71.09
7f7cb0f9b000-7f7cb0f9c000 ---p 06f9b000 00:24 15367386                   /usr/lib64/libnvidia-gpucomp.so.615.71.09
7f7cb0f9c000-7f7cb1224000 r--p 06f9b000 00:24 15367386                   /usr/lib64/libnvidia-gpucomp.so.615.71.09
7f7cb1224000-7f7cb13f1000 rw-p 07223000 00:24 15367386                   /usr/lib64/libnvidia-gpucomp.so.615.71.09
7f7cb13f1000-7f7cb14cc000 rw-p 00000000 00:00 0 
7f7cb1580000-7f7cb1600000 rw-s 00000000 00:07 1451                       /dev/nvidiactl
7f7cb1600000-7f7cb1851000 r-xp 00000000 00:24 15367383                   /usr/lib64/libnvidia-glcore.so.615.71.09
7f7cb1851000-7f7cb1872000 rwxp 00251000 00:24 15367383                   /usr/lib64/libnvidia-glcore.so.615.71.09
7f7cb1872000-7f7cb1a00000 r-xp 00272000 00:24 15367383                   /usr/lib64/libnvidia-glcore.so.615.71.09
7f7cb1a00000-7f7cb2600000 r-xp 00400000 00:24 15367383                   /usr/lib64/libnvidia-glcore.so.615.71.09
7f7cb2600000-7f7cb3c19000 r-xp 01000000 00:24 15367383                   /usr/lib64/libnvidia-glcore.so.615.71.09
7f7cb3c19000-7f7cb3d94000 r--p 02618000 00:24 15367383                   /usr/lib64/libnvidia-glcore.so.615.71.09
7f7cb3d94000-7f7cb3df7000 rw-p 02793000 00:24 15367383                   /usr/lib64/libnvidia-glcore.so.615.71.09
7f7cb3df7000-7f7cb3e17000 rw-p 00000000 00:00 0 
7f7cb3e7f000-7f7cb3f80000 rw-p 00000000 00:00 0 
7f7cb3f80000-7f7cb4000000 rw-s 00000000 00:07 1451                       /dev/nvidiactl
7f7cb4000000-7f7cb4021000 rw-p 00000000 00:00 0 
7f7cb4021000-7f7cb8000000 ---p 00000000 00:00 0 
7f7cb800a000-7f7cb8050000 r--p 00000000 00:24 219613                     /usr/share/fonts/FiraCode-Medium.ttf
7f7cb8050000-7f7cb8063000 rw-s 00000000 00:07 1451                       /dev/nvidiactl
7f7cb8063000-7f7cb80a3000 rw-s 00000000 00:07 1451                       /dev/nvidiactl
7f7cb80a3000-7f7cb8f36000 rw-s 00000000 00:1b 4040                       /dev/shm/jwlshm-igAeaJ (deleted)
7f7cb8f36000-7f7cba2fd000 rw-p 00000000 00:00 0 
7f7cba2fd000-7f7cba600000 rw-p 00000000 00:00 0 
7f7cba600000-7f7cbbf36000 r-xp 00000000 00:24 59794483                   /home/mahalo/.skiko/skiko-linux-x64-10674295a4eb78232b97fb94c20a66687b8af8e4b512b1224dcf75f8e16cc030/libskiko-linux-x64.so
7f7cbbf36000-7f7cbbf37000 ---p 01936000 00:24 59794483                   /home/mahalo/.skiko/skiko-linux-x64-10674295a4eb78232b97fb94c20a66687b8af8e4b512b1224dcf75f8e16cc030/libskiko-linux-x64.so
7f7cbbf37000-7f7cbbf6f000 r--p 01936000 00:24 59794483                   /home/mahalo/.skiko/skiko-linux-x64-10674295a4eb78232b97fb94c20a66687b8af8e4b512b1224dcf75f8e16cc030/libskiko-linux-x64.so
7f7cbbf6f000-7f7cbbf72000 rw-p 0196e000 00:24 59794483                   /home/mahalo/.skiko/skiko-linux-x64-10674295a4eb78232b97fb94c20a66687b8af8e4b512b1224dcf75f8e16cc030/libskiko-linux-x64.so
7f7cbbf72000-7f7cbbf7b000 rw-p 00000000 00:00 0 
7f7cbbf80000-7f7cbbfa0000 rw-s 00000000 00:07 1451                       /dev/nvidiactl
7f7cbbfa0000-7f7cbbfe0000 rw-s 00000000 00:07 1451                       /dev/nvidiactl
7f7cbbfe0000-7f7cbc000000 rw-s 00000000 00:07 1451                       /dev/nvidiactl
7f7cbc000000-7f7cbc021000 rw-p 00000000 00:00 0 
7f7cbc021000-7f7cc0000000 ---p 00000000 00:00 0 
7f7cc0000000-7f7cc0021000 rw-p 00000000 00:00 0 
7f7cc0021000-7f7cc4000000 ---p 00000000 00:00 0 
7f7cc4000000-7f7cc4021000 rw-p 00000000 00:00 0 
7f7cc4021000-7f7cc8000000 ---p 00000000 00:00 0 
7f7cc8000000-7f7cc94ad000 rw-p 00000000 00:00 0 
7f7cc94ad000-7f7ccc000000 ---p 00000000 00:00 0 
7f7ccc000000-7f7cd0000000 rw-p 00000000 00:00 0 
7f7cd0000000-7f7cd0078000 rw-p 00000000 00:00 0 
7f7cd0078000-7f7cd4000000 ---p 00000000 00:00 0 
7f7cd4000000-7f7cd4021000 rw-p 00000000 00:00 0 
7f7cd4021000-7f7cd8000000 ---p 00000000 00:00 0 
7f7cd8000000-7f7cd8021000 rw-p 00000000 00:00 0 
7f7cd8021000-7f7cdc000000 ---p 00000000 00:00 0 
7f7cdc000000-7f7cdc021000 rw-p 00000000 00:00 0 
7f7cdc021000-7f7ce0000000 ---p 00000000 00:00 0 
7f7ce0000000-7f7ce0041000 rw-p 00000000 00:00 0 
7f7ce0041000-7f7ce4000000 ---p 00000000 00:00 0 
7f7ce4000000-7f7ce4357000 rw-p 00000000 00:00 0 
7f7ce4357000-7f7ce8000000 ---p 00000000 00:00 0 
7f7ce8000000-7f7ce8097000 rw-p 00000000 00:00 0 
7f7ce8097000-7f7cec000000 ---p 00000000 00:00 0 
7f7cec000000-7f7ced65b000 rw-p 00000000 00:00 0 
7f7ced65b000-7f7cf0000000 ---p 00000000 00:00 0 
7f7cf0000000-7f7cf08c1000 rw-p 00000000 00:00 0 
7f7cf08c1000-7f7cf4000000 ---p 00000000 00:00 0 
7f7cf4000000-7f7cf4ef0000 rw-p 00000000 00:00 0 
7f7cf4ef0000-7f7cf8000000 ---p 00000000 00:00 0 
7f7cf8000000-7f7cf8021000 rw-p 00000000 00:00 0 
7f7cf8021000-7f7cfc000000 ---p 00000000 00:00 0 
7f7cfc000000-7f7cfdb54000 rw-p 00000000 00:00 0 
7f7cfdb54000-7f7d00000000 ---p 00000000 00:00 0 
7f7d00000000-7f7d013b9000 rw-p 00000000 00:00 0 
7f7d013b9000-7f7d04000000 ---p 00000000 00:00 0 
7f7d04000000-7f7d04021000 rw-p 00000000 00:00 0 
7f7d04021000-7f7d08000000 ---p 00000000 00:00 0 
7f7d08000000-7f7d08021000 rw-p 00000000 00:00 0 
7f7d08021000-7f7d0c000000 ---p 00000000 00:00 0 
7f7d0c000000-7f7d0c021000 rw-p 00000000 00:00 0 
7f7d0c021000-7f7d10000000 ---p 00000000 00:00 0 
7f7d10000000-7f7d10021000 rw-p 00000000 00:00 0 
7f7d10021000-7f7d14000000 ---p 00000000 00:00 0 
7f7d14000000-7f7d14400000 rw-p 00000000 00:00 0 
7f7d14400000-7f7d14900000 rw-p 00000000 00:00 0 
7f7d14900000-7f7d14a00000 rw-p 00000000 00:00 0 
7f7d14a00000-7f7d15300000 rw-p 00000000 00:00 0 
7f7d15300000-7f7d15400000 rw-p 00000000 00:00 0 
7f7d15400000-7f7d15d00000 rw-p 00000000 00:00 0 
7f7d15d00000-7f7d15e00000 rw-p 00000000 00:00 0 
7f7d15e00000-7f7d16780000 rw-p 00000000 00:00 0 
7f7d16780000-7f7d16790000 rw-p 00000000 00:00 0 
7f7d16790000-7f7d16800000 ---p 00000000 00:00 0 
7f7d16800000-7f7d16850000 rw-p 00000000 00:00 0 
7f7d16850000-7f7d18000000 ---p 00000000 00:00 0 
7f7d18000000-7f7d18021000 rw-p 00000000 00:00 0 
7f7d18021000-7f7d1c000000 ---p 00000000 00:00 0 
7f7d1c000000-7f7d1c021000 rw-p 00000000 00:00 0 
7f7d1c021000-7f7d20000000 ---p 00000000 00:00 0 
7f7d20000000-7f7d20027000 rw-p 00000000 00:00 0 
7f7d20027000-7f7d24000000 ---p 00000000 00:00 0 
7f7d24000000-7f7d24021000 rw-p 00000000 00:00 0 
7f7d24021000-7f7d28000000 ---p 00000000 00:00 0 
7f7d28004000-7f7d28084000 rw-s 00000000 00:07 1453                       /dev/nvidia0
7f7d28084000-7f7d280c4000 rw-s 00000000 00:07 1451                       /dev/nvidiactl
7f7d280e4000-7f7d281e5000 rw-p 00000000 00:00 0 
7f7d281e5000-7f7d28202000 r--s 00000000 00:24 45618385                   /home/mahalo/.cache/fontconfig/123d59b33ddb0e7c76bb24004bd5cfac-le64.cache-9
7f7d2820d000-7f7d28213000 r--p 00000000 00:24 45613942                   /home/mahalo/.fonts/arial/ArialMdm.ttf
7f7d28213000-7f7d2821f000 r--s 00000000 00:24 45618441                   /home/mahalo/.cache/fontconfig/7b5e8e3cb99e326f29f20dad81eb099f-le64.cache-9
7f7d2821f000-7f7d2822a000 r--s 00000000 00:24 45618383                   /home/mahalo/.cache/fontconfig/f2e61d441ca43dbfffafb9d0f2c6d8fc-le64.cache-9
7f7d2822a000-7f7d2822d000 rw-s 00000000 00:07 1451                       /dev/nvidiactl
7f7d28231000-7f7d28235000 rw-s 00000000 00:07 1451                       /dev/nvidiactl
7f7d28235000-7f7d2825a000 r--s 00000000 00:24 16025162                   /usr/lib/fontconfig/cache/02770245eac059faefae62cb0d56fbcb-le64.cache-9
7f7d2825a000-7f7d28265000 r--s 00000000 00:24 45618371                   /home/mahalo/.cache/fontconfig/d63f98f14a274bd69a5425fc33aaac6b-le64.cache-9
7f7d28265000-7f7d28267000 rw-s 00000000 00:01 110958                     /memfd:/.glXXXXXX (deleted)
7f7d28267000-7f7d2826b000 r--s 00000000 00:24 45618445                   /home/mahalo/.cache/fontconfig/c1b0329fcf30f2c90fb990fe3409e5e4-le64.cache-9
7f7d2826b000-7f7d28270000 r--s 00000000 00:24 13752914                   /usr/lib/fontconfig/cache/29c8f5b6bf15d25ebb2e963855ab41be-le64.cache-9
7f7d28270000-7f7d28279000 r--s 00000000 00:24 45618367                   /home/mahalo/.cache/fontconfig/6ee3103884cce7b2fe6f32eba9089175-le64.cache-9
7f7d28279000-7f7d2827c000 r--s 00000000 00:24 45618443                   /home/mahalo/.cache/fontconfig/090685fcb579a3ca119556675e040d3c-le64.cache-9
7f7d2827c000-7f7d2827f000 r--s 00000000 00:24 45618379                   /home/mahalo/.cache/fontconfig/71fe2b50576cdbc5f931776365d4a6ea-le64.cache-9
7f7d2827f000-7f7d28282000 r--s 00000000 00:24 45618439                   /home/mahalo/.cache/fontconfig/e143cb63a4e933cfc80b27b021faa72c-le64.cache-9
7f7d28282000-7f7d2828b000 r--s 00000000 00:24 45618357                   /home/mahalo/.cache/fontconfig/6cdba951d5a16891afaaf2fee13e80e7-le64.cache-9
7f7d2828b000-7f7d2828d000 rw-s 00000000 00:07 1451                       /dev/nvidiactl
7f7d2828d000-7f7d28294000 r--s 00000000 00:24 45618361                   /home/mahalo/.cache/fontconfig/614d1caaa4d7914789410f6367de37ca-le64.cache-9
7f7d28294000-7f7d2829b000 r--s 00000000 00:24 45618353                   /home/mahalo/.cache/fontconfig/d4fe5728f86380c2e3b1e4e9a34fabd8-le64.cache-9
7f7d2829b000-7f7d282c6000 r--s 00000000 00:24 16025160                   /usr/lib/fontconfig/cache/3830d5c3ddfd5cd38a049b759396e72e-le64.cache-9
7f7d282c6000-7f7d28cd0000 rw-p 00000000 00:00 0 
7f7d28cd0000-7f7d28cd4000 r--p 00000000 00:24 15367376                   /usr/lib64/libnvidia-allocator.so.615.71.09
7f7d28cd4000-7f7d28cea000 r-xp 00004000 00:24 15367376                   /usr/lib64/libnvidia-allocator.so.615.71.09
7f7d28cea000-7f7d28cf4000 r--p 0001a000 00:24 15367376                   /usr/lib64/libnvidia-allocator.so.615.71.09
7f7d28cf4000-7f7d28cf5000 r--p 00023000 00:24 15367376                   /usr/lib64/libnvidia-allocator.so.615.71.09
7f7d28cf5000-7f7d28cf6000 rw-p 00024000 00:24 15367376                   /usr/lib64/libnvidia-allocator.so.615.71.09
7f7d28cf6000-7f7d28cf8000 rw-p 00000000 00:00 0 
7f7d28cf8000-7f7d28d04000 r-xp 00000000 00:24 9927091                    /usr/lib64/libdrm.so.2.134.0
7f7d28d04000-7f7d28d0c000 r--p 0000c000 00:24 9927091                    /usr/lib64/libdrm.so.2.134.0
7f7d28d0c000-7f7d28d0d000 r--p 00014000 00:24 9927091                    /usr/lib64/libdrm.so.2.134.0
7f7d28d0d000-7f7d28d0e000 rw-p 00000000 00:00 0 
7f7d28d0e000-7f7d28d0f000 rw-s 00000000 00:07 1451                       /dev/nvidiactl
7f7d28d0f000-7f7d28d11000 r--s 00000000 00:24 45618377                   /home/mahalo/.cache/fontconfig/e5da922122f90e18ce9aab86d5c2b324-le64.cache-9
7f7d28d11000-7f7d28d13000 r--s 00000000 00:24 45618375                   /home/mahalo/.cache/fontconfig/de3fc716275e870cc68457cf08da2de7-le64.cache-9
7f7d28d13000-7f7d28d15000 r--s 00000000 00:24 45618373                   /home/mahalo/.cache/fontconfig/9162ae45def2e036f06e4d1913f17ba7-le64.cache-9
7f7d28d15000-7f7d28d1b000 r--s 00000000 00:24 45618349                   /home/mahalo/.cache/fontconfig/28ddbb1b0d023a5cf0e6c50dfe471a8d-le64.cache-9
7f7d28d1b000-7f7d28d30000 r--s 00000000 00:24 45618387                   /home/mahalo/.cache/fontconfig/09ec22274a3a48fd753d4819c8293458-le64.cache-9
7f7d28d30000-7f7d28d33000 r-xp 00000000 00:24 8171794                    /usr/lib64/libxcb-xfixes.so.0.0.0
7f7d28d33000-7f7d28d37000 r--p 00003000 00:24 8171794                    /usr/lib64/libxcb-xfixes.so.0.0.0
7f7d28d37000-7f7d28d38000 r--p 00007000 00:24 8171794                    /usr/lib64/libxcb-xfixes.so.0.0.0
7f7d28d38000-7f7d28d39000 rw-p 00008000 00:24 8171794                    /usr/lib64/libxcb-xfixes.so.0.0.0
7f7d28d39000-7f7d28d3d000 ---p 00000000 00:00 0 
7f7d28d3d000-7f7d28e39000 rw-p 00000000 00:00 0 
7f7d28e39000-7f7d28e49000 r--p 00000000 00:24 15367384                   /usr/lib64/libnvidia-glsi.so.615.71.09
7f7d28e49000-7f7d28ea9000 r-xp 00010000 00:24 15367384                   /usr/lib64/libnvidia-glsi.so.615.71.09
7f7d28ea9000-7f7d28ec6000 r--p 00070000 00:24 15367384                   /usr/lib64/libnvidia-glsi.so.615.71.09
7f7d28ec6000-7f7d28ecc000 r--p 0008c000 00:24 15367384                   /usr/lib64/libnvidia-glsi.so.615.71.09
7f7d28ecc000-7f7d28ecd000 rw-p 00092000 00:24 15367384                   /usr/lib64/libnvidia-glsi.so.615.71.09
7f7d28ecd000-7f7d28ed5000 rw-p 00000000 00:00 0 
7f7d28ed5000-7f7d28f26000 r--p 00000000 00:24 15367374                   /usr/lib64/libGLX_nvidia.so.615.71.09
7f7d28f26000-7f7d28f83000 r-xp 00051000 00:24 15367374                   /usr/lib64/libGLX_nvidia.so.615.71.09
7f7d28f83000-7f7d28fb8000 rwxp 000ae000 00:24 15367374                   /usr/lib64/libGLX_nvidia.so.615.71.09
7f7d28fb8000-7f7d28fb9000 r-xp 000e3000 00:24 15367374                   /usr/lib64/libGLX_nvidia.so.615.71.09
7f7d28fb9000-7f7d28fd9000 r--p 000e4000 00:24 15367374                   /usr/lib64/libGLX_nvidia.so.615.71.09
7f7d28fd9000-7f7d28ff9000 r--p 00103000 00:24 15367374                   /usr/lib64/libGLX_nvidia.so.615.71.09
7f7d28ff9000-7f7d28ffe000 rw-p 00123000 00:24 15367374                   /usr/lib64/libGLX_nvidia.so.615.71.09
7f7d28ffe000-7f7d29000000 rw-p 00000000 00:00 0 
7f7d29000000-7f7d29171000 r-xp 00000000 00:24 13672235                   /usr/lib64/libstdc++.so.6.0.36
7f7d29171000-7f7d2929c000 r--p 00171000 00:24 13672235                   /usr/lib64/libstdc++.so.6.0.36
7f7d2929c000-7f7d292ad000 r--p 0029c000 00:24 13672235                   /usr/lib64/libstdc++.so.6.0.36
7f7d292ad000-7f7d292ae000 rw-p 002ad000 00:24 13672235                   /usr/lib64/libstdc++.so.6.0.36
7f7d292ae000-7f7d292b2000 rw-p 00000000 00:00 0 
7f7d292b2000-7f7d292b5000 r-xp 00000000 00:24 8171790                    /usr/lib64/libxcb-sync.so.1.0.0
7f7d292b5000-7f7d292b8000 r--p 00003000 00:24 8171790                    /usr/lib64/libxcb-sync.so.1.0.0
7f7d292b8000-7f7d292b9000 r--p 00006000 00:24 8171790                    /usr/lib64/libxcb-sync.so.1.0.0
7f7d292b9000-7f7d292ba000 rw-p 00007000 00:24 8171790                    /usr/lib64/libxcb-sync.so.1.0.0
7f7d292ba000-7f7d292bb000 r-xp 00000000 00:24 8171774                    /usr/lib64/libxcb-present.so.0.0.0
7f7d292bb000-7f7d292bd000 r--p 00001000 00:24 8171774                    /usr/lib64/libxcb-present.so.0.0.0
7f7d292bd000-7f7d292be000 r--p 00002000 00:24 8171774                    /usr/lib64/libxcb-present.so.0.0.0
7f7d292be000-7f7d292bf000 rw-p 00003000 00:24 8171774                    /usr/lib64/libxcb-present.so.0.0.0
7f7d292bf000-7f7d292c0000 r-xp 00000000 00:24 8171253                    /usr/lib64/libX11-xcb.so.1.0.0
7f7d292c0000-7f7d292c1000 r--p 00001000 00:24 8171253                    /usr/lib64/libX11-xcb.so.1.0.0
7f7d292c1000-7f7d292c2000 r--p 00001000 00:24 8171253                    /usr/lib64/libX11-xcb.so.1.0.0
7f7d292c2000-7f7d292c3000 rw-p 00000000 00:00 0 
7f7d292c3000-7f7d292c5000 r-xp 00000000 00:24 8171770                    /usr/lib64/libxcb-dri3.so.0.1.0
7f7d292c5000-7f7d292c7000 r--p 00002000 00:24 8171770                    /usr/lib64/libxcb-dri3.so.0.1.0
7f7d292c7000-7f7d292c8000 r--p 00004000 00:24 8171770                    /usr/lib64/libxcb-dri3.so.0.1.0
7f7d292c8000-7f7d292c9000 rw-p 00005000 00:24 8171770                    /usr/lib64/libxcb-dri3.so.0.1.0
7f7d292c9000-7f7d292cf000 r-xp 00000000 00:24 8171776                    /usr/lib64/libxcb-randr.so.0.1.0
7f7d292cf000-7f7d292d9000 r--p 00006000 00:24 8171776                    /usr/lib64/libxcb-randr.so.0.1.0
7f7d292d9000-7f7d292da000 r--p 00010000 00:24 8171776                    /usr/lib64/libxcb-randr.so.0.1.0
7f7d292da000-7f7d292db000 rw-p 00011000 00:24 8171776                    /usr/lib64/libxcb-randr.so.0.1.0
7f7d292db000-7f7d292e4000 r-xp 00000000 00:24 8171772                    /usr/lib64/libxcb-glx.so.0.0.0
7f7d292e4000-7f7d292f4000 r--p 00009000 00:24 8171772                    /usr/lib64/libxcb-glx.so.0.0.0
7f7d292f4000-7f7d292f6000 r--p 00019000 00:24 8171772                    /usr/lib64/libxcb-glx.so.0.0.0
7f7d292f6000-7f7d292f7000 rw-p 0001b000 00:24 8171772                    /usr/lib64/libxcb-glx.so.0.0.0
7f7d292f7000-7f7d292f8000 r--p 00000000 00:24 15367392                   /usr/lib64/libnvidia-tls.so.615.71.09
7f7d292f8000-7f7d292fa000 r-xp 00001000 00:24 15367392                   /usr/lib64/libnvidia-tls.so.615.71.09
7f7d292fa000-7f7d292fb000 r--p 00003000 00:24 15367392                   /usr/lib64/libnvidia-tls.so.615.71.09
7f7d292fb000-7f7d292fc000 r--p 00003000 00:24 15367392                   /usr/lib64/libnvidia-tls.so.615.71.09
7f7d292fc000-7f7d292fd000 rw-p 00004000 00:24 15367392                   /usr/lib64/libnvidia-tls.so.615.71.09
7f7d292fd000-7f7d292ff000 r-xp 00000000 00:24 8171727                    /usr/lib64/libXau.so.6.0.0
7f7d292ff000-7f7d29300000 r--p 00002000 00:24 8171727                    /usr/lib64/libXau.so.6.0.0
7f7d29300000-7f7d29301000 r--p 00003000 00:24 8171727                    /usr/lib64/libXau.so.6.0.0
7f7d29301000-7f7d29302000 rw-p 00000000 00:00 0 
7f7d29302000-7f7d29316000 r-xp 00000000 00:24 8171810                    /usr/lib64/libxcb.so.1.1.0
7f7d29316000-7f7d2932a000 r--p 00014000 00:24 8171810                    /usr/lib64/libxcb.so.1.1.0
7f7d2932a000-7f7d2932b000 r--p 00028000 00:24 8171810                    /usr/lib64/libxcb.so.1.1.0
7f7d2932b000-7f7d2932c000 rw-p 00029000 00:24 8171810                    /usr/lib64/libxcb.so.1.1.0
7f7d2932c000-7f7d2932f000 r-xp 00000000 00:24 8175370                    /usr/lib64/libGLdispatch.so.0.0.0
7f7d2932f000-7f7d2936a000 r-xp 00003000 00:24 8175370                    /usr/lib64/libGLdispatch.so.0.0.0
7f7d2936a000-7f7d2936b000 r-xp 0003e000 00:24 8175370                    /usr/lib64/libGLdispatch.so.0.0.0
7f7d2936b000-7f7d2937f000 r--p 0003f000 00:24 8175370                    /usr/lib64/libGLdispatch.so.0.0.0
7f7d2937f000-7f7d2939b000 r--p 00053000 00:24 8175370                    /usr/lib64/libGLdispatch.so.0.0.0
7f7d2939b000-7f7d2939c000 rw-p 0006f000 00:24 8175370                    /usr/lib64/libGLdispatch.so.0.0.0
7f7d2939c000-7f7d293a4000 rw-p 00000000 00:00 0 
7f7d293a4000-7f7d293b0000 r-xp 00000000 00:24 8171819                    /usr/lib64/libXext.so.6.4.0
7f7d293b0000-7f7d293b6000 r--p 0000c000 00:24 8171819                    /usr/lib64/libXext.so.6.4.0
7f7d293b6000-7f7d293b7000 r--p 00011000 00:24 8171819                    /usr/lib64/libXext.so.6.4.0
7f7d293b7000-7f7d293b8000 rw-p 00012000 00:24 8171819                    /usr/lib64/libXext.so.6.4.0
7f7d293b8000-7f7d293d3000 r-xp 00000000 00:24 8189168                    /usr/lib64/libGLX.so.0.0.0
7f7d293d3000-7f7d293d7000 r--p 0001b000 00:24 8189168                    /usr/lib64/libGLX.so.0.0.0
7f7d293d7000-7f7d293d8000 r--p 0001f000 00:24 8189168                    /usr/lib64/libGLX.so.0.0.0
7f7d293d8000-7f7d293d9000 rw-p 00020000 00:24 8189168                    /usr/lib64/libGLX.so.0.0.0
7f7d293d9000-7f7d293e9000 rw-p 00000000 00:00 0 
7f7d293e9000-7f7d2948f000 r-xp 00000000 00:24 8171815                    /usr/lib64/libX11.so.6.4.0
7f7d2948f000-7f7d29538000 r--p 000a6000 00:24 8171815                    /usr/lib64/libX11.so.6.4.0
7f7d29538000-7f7d2953b000 r--p 0014e000 00:24 8171815                    /usr/lib64/libX11.so.6.4.0
7f7d2953b000-7f7d2953f000 rw-p 00151000 00:24 8171815                    /usr/lib64/libX11.so.6.4.0
7f7d2953f000-7f7d29543000 r-xp 00000000 00:24 8189166                    /usr/lib64/libGL.so.1.7.0
7f7d29543000-7f7d2955e000 r-xp 00004000 00:24 8189166                    /usr/lib64/libGL.so.1.7.0
7f7d2955e000-7f7d2955f000 r-xp 0001f000 00:24 8189166                    /usr/lib64/libGL.so.1.7.0
7f7d2955f000-7f7d295a2000 r--p 00020000 00:24 8189166                    /usr/lib64/libGL.so.1.7.0
7f7d295a2000-7f7d295b0000 r--p 00063000 00:24 8189166                    /usr/lib64/libGL.so.1.7.0
7f7d295b0000-7f7d295b1000 rw-p 00071000 00:24 8189166                    /usr/lib64/libGL.so.1.7.0
7f7d295b1000-7f7d295b2000 rw-p 00000000 00:00 0 
7f7d295b2000-7f7d295b6000 ---p 00000000 00:00 0 
7f7d295b6000-7f7d296b2000 rw-p 00000000 00:00 0 
7f7d296b2000-7f7d296d6000 r-xp 00000000 00:24 13672225                   /usr/lib64/libgcc_s-16-20260819.so.1
7f7d296d6000-7f7d296dd000 r--p 00024000 00:24 13672225                   /usr/lib64/libgcc_s-16-20260819.so.1
7f7d296dd000-7f7d296de000 r--p 0002b000 00:24 13672225                   /usr/lib64/libgcc_s-16-20260819.so.1
7f7d296de000-7f7d296df000 rw-p 00000000 00:00 0 
7f7d296df000-7f7d297af000 r-xp 00000000 00:24 15411200                   /usr/lib64/libsystemd.so.0.42.0
7f7d297af000-7f7d2980d000 r--p 000d0000 00:24 15411200                   /usr/lib64/libsystemd.so.0.42.0
7f7d2980d000-7f7d29817000 r--p 0012d000 00:24 15411200                   /usr/lib64/libsystemd.so.0.42.0
7f7d29817000-7f7d29818000 rw-p 00137000 00:24 15411200                   /usr/lib64/libsystemd.so.0.42.0
7f7d29818000-7f7d29819000 rw-p 00000000 00:00 0 
7f7d29819000-7f7d2984f000 r-xp 00000000 00:24 8168972                    /usr/lib64/libdbus-1.so.3.38.3
7f7d2984f000-7f7d2986e000 r--p 00036000 00:24 8168972                    /usr/lib64/libdbus-1.so.3.38.3
7f7d2986e000-7f7d29870000 r--p 00054000 00:24 8168972                    /usr/lib64/libdbus-1.so.3.38.3
7f7d29870000-7f7d29871000 rw-p 00056000 00:24 8168972                    /usr/lib64/libdbus-1.so.3.38.3
7f7d29871000-7f7d298b8000 r--p 00000000 00:34 33940                      /tmp/androidx_sqliteJni3022753660113618276.tmp
7f7d298b8000-7f7d29a2a000 r-xp 00046000 00:34 33940                      /tmp/androidx_sqliteJni3022753660113618276.tmp
7f7d29a2a000-7f7d29a2e000 r--p 001b7000 00:34 33940                      /tmp/androidx_sqliteJni3022753660113618276.tmp
7f7d29a2e000-7f7d29a32000 rw-p 001ba000 00:34 33940                      /tmp/androidx_sqliteJni3022753660113618276.tmp
7f7d29a32000-7f7d29a33000 rw-p 00000000 00:00 0 
7f7d29a33000-7f7d29a37000 ---p 00000000 00:00 0 
7f7d29a37000-7f7d29b33000 rw-p 00000000 00:00 0 
7f7d29b33000-7f7d29b37000 ---p 00000000 00:00 0 
7f7d29b37000-7f7d29c33000 rw-p 00000000 00:00 0 
7f7d29c33000-7f7d29c37000 ---p 00000000 00:00 0 
7f7d29c37000-7f7d29d33000 rw-p 00000000 00:00 0 
7f7d29d33000-7f7d29d37000 ---p 00000000 00:00 0 
7f7d29d37000-7f7d29e33000 rw-p 00000000 00:00 0 
7f7d29e33000-7f7d29e37000 ---p 00000000 00:00 0 
7f7d29e37000-7f7d29f33000 rw-p 00000000 00:00 0 
7f7d29f33000-7f7d29f37000 ---p 00000000 00:00 0 
7f7d29f37000-7f7d2a033000 rw-p 00000000 00:00 0 
7f7d2a033000-7f7d2a037000 ---p 00000000 00:00 0 
7f7d2a037000-7f7d2a133000 rw-p 00000000 00:00 0 
7f7d2a133000-7f7d2a137000 ---p 00000000 00:00 0 
7f7d2a137000-7f7d2a233000 rw-p 00000000 00:00 0 
7f7d2a233000-7f7d2a237000 ---p 00000000 00:00 0 
7f7d2a237000-7f7d2a333000 rw-p 00000000 00:00 0 
7f7d2a333000-7f7d2a337000 ---p 00000000 00:00 0 
7f7d2a337000-7f7d2a433000 rw-p 00000000 00:00 0 
7f7d2a433000-7f7d2a437000 ---p 00000000 00:00 0 
7f7d2a437000-7f7d2a533000 rw-p 00000000 00:00 0 
7f7d2a533000-7f7d2a53e000 r-xp 00000000 00:24 8169304                    /usr/lib64/libffi.so.8.2.0
7f7d2a53e000-7f7d2a541000 r--p 0000b000 00:24 8169304                    /usr/lib64/libffi.so.8.2.0
7f7d2a541000-7f7d2a542000 r--p 0000e000 00:24 8169304                    /usr/lib64/libffi.so.8.2.0
7f7d2a542000-7f7d2a543000 rw-p 0000f000 00:24 8169304                    /usr/lib64/libffi.so.8.2.0
7f7d2a543000-7f7d2a573000 r-xp 00000000 00:24 8169022                    /usr/lib64/libxkbcommon.so.0.13.1
7f7d2a573000-7f7d2a59f000 r--p 00030000 00:24 8169022                    /usr/lib64/libxkbcommon.so.0.13.1
7f7d2a59f000-7f7d2a5a1000 r--p 0005b000 00:24 8169022                    /usr/lib64/libxkbcommon.so.0.13.1
7f7d2a5a1000-7f7d2a5a2000 rw-p 0005d000 00:24 8169022                    /usr/lib64/libxkbcommon.so.0.13.1
7f7d2a5a2000-7f7d2a5b3000 r--p 00000000 00:24 56312774                   /home/mahalo/.local/share/JetBrains/Toolbox/apps/datagrip/jbr/lib/libawt_wlawt.so
7f7d2a5b3000-7f7d2a5da000 r-xp 00011000 00:24 56312774                   /home/mahalo/.local/share/JetBrains/Toolbox/apps/datagrip/jbr/lib/libawt_wlawt.so
7f7d2a5da000-7f7d2a5ee000 r--p 00038000 00:24 56312774                   /home/mahalo/.local/share/JetBrains/Toolbox/apps/datagrip/jbr/lib/libawt_wlawt.so
7f7d2a5ee000-7f7d2a5ef000 ---p 0004c000 00:24 56312774                   /home/mahalo/.local/share/JetBrains/Toolbox/apps/datagrip/jbr/lib/libawt_wlawt.so
7f7d2a5ef000-7f7d2a5f6000 r--p 0004c000 00:24 56312774                   /home/mahalo/.local/share/JetBrains/Toolbox/apps/datagrip/jbr/lib/libawt_wlawt.so
7f7d2a5f6000-7f7d2a5f7000 rw-p 00053000 00:24 56312774                   /home/mahalo/.local/share/JetBrains/Toolbox/apps/datagrip/jbr/lib/libawt_wlawt.so
7f7d2a5f7000-7f7d2a5f8000 rw-p 00000000 00:00 0 
7f7d2a5f8000-7f7d2a679000 r-xp 00000000 00:24 8169316                    /usr/lib64/libpcre2-8.so.0.15.0
7f7d2a679000-7f7d2a6a7000 r--p 00081000 00:24 8169316                    /usr/lib64/libpcre2-8.so.0.15.0
7f7d2a6a7000-7f7d2a6a8000 r--p 000ae000 00:24 8169316                    /usr/lib64/libpcre2-8.so.0.15.0
7f7d2a6a8000-7f7d2a6a9000 rw-p 000af000 00:24 8169316                    /usr/lib64/libpcre2-8.so.0.15.0
7f7d2a6a9000-7f7d2a6aa000 r-xp 00000000 00:24 8171202                    /usr/lib64/libbrotlicommon.so.1.2.0
7f7d2a6aa000-7f7d2a6ca000 r--p 00001000 00:24 8171202                    /usr/lib64/libbrotlicommon.so.1.2.0
7f7d2a6ca000-7f7d2a6cb000 r--p 00020000 00:24 8171202                    /usr/lib64/libbrotlicommon.so.1.2.0
7f7d2a6cb000-7f7d2a6cc000 rw-p 00000000 00:00 0 
7f7d2a6cc000-7f7d2a6e4000 r-xp 00000000 00:24 8177059                    /usr/lib64/libgraphite2.so.3.2.1
7f7d2a6e4000-7f7d2a6e9000 r--p 00018000 00:24 8177059                    /usr/lib64/libgraphite2.so.3.2.1
7f7d2a6e9000-7f7d2a6eb000 r--p 0001c000 00:24 8177059                    /usr/lib64/libgraphite2.so.3.2.1
7f7d2a6eb000-7f7d2a6ec000 rw-p 00000000 00:00 0 
7f7d2a6ec000-7f7d2a799000 r-xp 00000000 00:24 12944779                   /usr/lib64/libglib-2.0.so.0.8800.3
7f7d2a799000-7f7d2a84b000 r--p 000ad000 00:24 12944779                   /usr/lib64/libglib-2.0.so.0.8800.3
7f7d2a84b000-7f7d2a84c000 r--p 0015f000 00:24 12944779                   /usr/lib64/libglib-2.0.so.0.8800.3
7f7d2a84c000-7f7d2a84d000 rw-p 00160000 00:24 12944779                   /usr/lib64/libglib-2.0.so.0.8800.3
7f7d2a84d000-7f7d2a84e000 rw-p 00000000 00:00 0 
7f7d2a84e000-7f7d2a873000 r-xp 00000000 00:24 8169003                    /usr/lib64/liblzma.so.5.8.2
7f7d2a873000-7f7d2a882000 r--p 00025000 00:24 8169003                    /usr/lib64/liblzma.so.5.8.2
7f7d2a882000-7f7d2a883000 r--p 00033000 00:24 8169003                    /usr/lib64/liblzma.so.5.8.2
7f7d2a883000-7f7d2a884000 rw-p 00034000 00:24 8169003                    /usr/lib64/liblzma.so.5.8.2
7f7d2a884000-7f7d2a97d000 r-xp 00000000 00:24 8177074                    /usr/lib64/libharfbuzz.so.0.61410.0
7f7d2a97d000-7f7d2a9bd000 r--p 000f9000 00:24 8177074                    /usr/lib64/libharfbuzz.so.0.61410.0
7f7d2a9bd000-7f7d2a9bf000 r--p 00138000 00:24 8177074                    /usr/lib64/libharfbuzz.so.0.61410.0
7f7d2a9bf000-7f7d2a9c0000 rw-p 0013a000 00:24 8177074                    /usr/lib64/libharfbuzz.so.0.61410.0
7f7d2a9c0000-7f7d2a9ec000 r-xp 00000000 00:24 9866122                    /usr/lib64/libpng16.so.16.58.0
7f7d2a9ec000-7f7d2a9fb000 r--p 0002c000 00:24 9866122                    /usr/lib64/libpng16.so.16.58.0
7f7d2a9fb000-7f7d2a9fc000 r--p 0003a000 00:24 9866122                    /usr/lib64/libpng16.so.16.58.0
7f7d2a9fc000-7f7d2a9fd000 rw-p 00000000 00:00 0 
7f7d2a9fd000-7f7d2aa0c000 r-xp 00000000 00:24 8169056                    /usr/lib64/libbz2.so.1.0.8
7f7d2aa0c000-7f7d2aa0f000 r--p 0000f000 00:24 8169056                    /usr/lib64/libbz2.so.1.0.8
7f7d2aa0f000-7f7d2aa10000 r--p 00011000 00:24 8169056                    /usr/lib64/libbz2.so.1.0.8
7f7d2aa10000-7f7d2aa11000 rw-p 00012000 00:24 8169056                    /usr/lib64/libbz2.so.1.0.8
7f7d2aa11000-7f7d2ab0d000 r-xp 00000000 00:24 8169012                    /usr/lib64/libxml2.so.2.12.10
7f7d2ab0d000-7f7d2ab73000 r--p 000fc000 00:24 8169012                    /usr/lib64/libxml2.so.2.12.10
7f7d2ab73000-7f7d2ab7e000 r--p 00161000 00:24 8169012                    /usr/lib64/libxml2.so.2.12.10
7f7d2ab7e000-7f7d2ab7f000 rw-p 0016c000 00:24 8169012                    /usr/lib64/libxml2.so.2.12.10
7f7d2ab7f000-7f7d2ab80000 rw-p 00000000 00:00 0 
7f7d2ab80000-7f7d2ac22000 r-xp 00000000 00:24 8177082                    /usr/lib64/libfreetype.so.6.20.6
7f7d2ac22000-7f7d2ac53000 r--p 000a2000 00:24 8177082                    /usr/lib64/libfreetype.so.6.20.6
7f7d2ac53000-7f7d2ac5b000 r--p 000d2000 00:24 8177082                    /usr/lib64/libfreetype.so.6.20.6
7f7d2ac5b000-7f7d2ac5c000 rw-p 00000000 00:00 0 
7f7d2ac5c000-7f7d2ac8f000 r-xp 00000000 00:24 8178340                    /usr/lib64/libfontconfig.so.1.16.0
7f7d2ac8f000-7f7d2acac000 r--p 00033000 00:24 8178340                    /usr/lib64/libfontconfig.so.1.16.0
7f7d2acac000-7f7d2acae000 r--p 00050000 00:24 8178340                    /usr/lib64/libfontconfig.so.1.16.0
7f7d2acae000-7f7d2acaf000 rw-p 00052000 00:24 8178340                    /usr/lib64/libfontconfig.so.1.16.0
7f7d2acaf000-7f7d2acb0000 rw-s 00000000 00:07 1453                       /dev/nvidia0
7f7d2acb0000-7f7d2acb1000 rw-s 00000000 00:07 1451                       /dev/nvidiactl
7f7d2acb1000-7f7d2acb4000 r--s 00000000 00:24 45618355                   /home/mahalo/.cache/fontconfig/feeafda3627faad7596d025cfacea73f-le64.cache-9
7f7d2acb4000-7f7d2acb7000 r--s 00000000 00:24 45618351                   /home/mahalo/.cache/fontconfig/18f520a508f13854f77176faf7889ae9-le64.cache-9
7f7d2acb7000-7f7d2acbc000 r--s 00000000 00:24 45618313                   /home/mahalo/.cache/fontconfig/beeeeb3dfe132a8a0633a017c99ce0c0-le64.cache-9
7f7d2acbc000-7f7d2acbd000 rw-s 00000000 00:07 1451                       /dev/nvidiactl
7f7d2acbd000-7f7d2acbf000 r--s 00000000 00:24 45618365                   /home/mahalo/.cache/fontconfig/383aa4c3ea81d46e4a1459cd427fba23-le64.cache-9
7f7d2acbf000-7f7d2acc1000 r--s 00000000 00:24 45618363                   /home/mahalo/.cache/fontconfig/cc4435afd06e20625c417ffcddec4f51-le64.cache-9
7f7d2acc1000-7f7d2acd1000 rw-s 00000000 00:07 1453                       /dev/nvidia0
7f7d2acd1000-7f7d2acf0000 r--p 00000000 00:24 56312716                   /home/mahalo/.local/share/JetBrains/Toolbox/apps/datagrip/jbr/lib/libawt.so
7f7d2acf0000-7f7d2ad90000 r-xp 0001f000 00:24 56312716                   /home/mahalo/.local/share/JetBrains/Toolbox/apps/datagrip/jbr/lib/libawt.so
7f7d2ad90000-7f7d2ada9000 r--p 000bf000 00:24 56312716                   /home/mahalo/.local/share/JetBrains/Toolbox/apps/datagrip/jbr/lib/libawt.so
7f7d2ada9000-7f7d2adaa000 ---p 000d8000 00:24 56312716                   /home/mahalo/.local/share/JetBrains/Toolbox/apps/datagrip/jbr/lib/libawt.so
7f7d2adaa000-7f7d2adab000 r--p 000d8000 00:24 56312716                   /home/mahalo/.local/share/JetBrains/Toolbox/apps/datagrip/jbr/lib/libawt.so
7f7d2adab000-7f7d2adc4000 rw-p 000d9000 00:24 56312716                   /home/mahalo/.local/share/JetBrains/Toolbox/apps/datagrip/jbr/lib/libawt.so
7f7d2adc4000-7f7d2ade9000 rw-p 00000000 00:00 0 
7f7d2ade9000-7f7d2aded000 ---p 00000000 00:00 0 
7f7d2aded000-7f7d2aee9000 rw-p 00000000 00:00 0 
7f7d2aee9000-7f7d2aeed000 ---p 00000000 00:00 0 
7f7d2aeed000-7f7d2afe9000 rw-p 00000000 00:00 0 
7f7d2afe9000-7f7d2afed000 ---p 00000000 00:00 0 
7f7d2afed000-7f7d2b0e9000 rw-p 00000000 00:00 0 
7f7d2b0e9000-7f7d2b0f0000 r--p 00000000 00:24 56312694                   /home/mahalo/.local/share/JetBrains/Toolbox/apps/datagrip/jbr/lib/libnio.so
7f7d2b0f0000-7f7d2b0f9000 r-xp 00007000 00:24 56312694                   /home/mahalo/.local/share/JetBrains/Toolbox/apps/datagrip/jbr/lib/libnio.so
7f7d2b0f9000-7f7d2b0fd000 r--p 00010000 00:24 56312694                   /home/mahalo/.local/share/JetBrains/Toolbox/apps/datagrip/jbr/lib/libnio.so
7f7d2b0fd000-7f7d2b0fe000 ---p 00014000 00:24 56312694                   /home/mahalo/.local/share/JetBrains/Toolbox/apps/datagrip/jbr/lib/libnio.so
7f7d2b0fe000-7f7d2b0ff000 r--p 00014000 00:24 56312694                   /home/mahalo/.local/share/JetBrains/Toolbox/apps/datagrip/jbr/lib/libnio.so
7f7d2b0ff000-7f7d2b100000 rw-p 00015000 00:24 56312694                   /home/mahalo/.local/share/JetBrains/Toolbox/apps/datagrip/jbr/lib/libnio.so
7f7d2b100000-7f7d2b104000 ---p 00000000 00:00 0 
7f7d2b104000-7f7d2b200000 rw-p 00000000 00:00 0 
7f7d2b200000-7f7d2b204000 ---p 00000000 00:00 0 
7f7d2b204000-7f7d2b300000 rw-p 00000000 00:00 0 
7f7d2b300000-7f7d2b304000 ---p 00000000 00:00 0 
7f7d2b304000-7f7d2b400000 rw-p 00000000 00:00 0 
7f7d2b400000-7f7d2b404000 ---p 00000000 00:00 0 
7f7d2b404000-7f7d2b500000 rw-p 00000000 00:00 0 
7f7d2b500000-7f7d2b504000 ---p 00000000 00:00 0 
7f7d2b504000-7f7d2b600000 rw-p 00000000 00:00 0 
7f7d2b600000-7f7d2b604000 ---p 00000000 00:00 0 
7f7d2b604000-7f7d2b700000 rw-p 00000000 00:00 0 
7f7d2b700000-7f7d2b704000 ---p 00000000 00:00 0 
7f7d2b704000-7f7d2b800000 rw-p 00000000 00:00 0 
7f7d2b800000-7f7d2ba78000 r--p 00000000 00:24 12983968                   /usr/lib/locale/en_US.utf8/LC_COLLATE
7f7d2ba78000-7f7d2ba80000 r-xp 00000000 00:24 15222036                   /usr/lib64/libwayland-client.so.0.26.0
7f7d2ba80000-7f7d2ba85000 r--p 00008000 00:24 15222036                   /usr/lib64/libwayland-client.so.0.26.0
7f7d2ba85000-7f7d2ba87000 r--p 0000d000 00:24 15222036                   /usr/lib64/libwayland-client.so.0.26.0
7f7d2ba87000-7f7d2ba88000 rw-p 0000f000 00:24 15222036                   /usr/lib64/libwayland-client.so.0.26.0
7f7d2ba88000-7f7d2ba8c000 ---p 00000000 00:00 0 
7f7d2ba8c000-7f7d2bb88000 rw-p 00000000 00:00 0 
7f7d2bb88000-7f7d2bbe3000 r--p 00000000 00:24 12983749                   /usr/lib/locale/C.utf8/LC_CTYPE
7f7d2bbe3000-7f7d2bcfd000 rw-p 00000000 00:00 0 
7f7d2bcfd000-7f7d2bdfe000 rw-p 00000000 00:00 0 
7f7d2bdfe000-7f7d2be02000 ---p 00000000 00:00 0 
7f7d2be02000-7f7d2c000000 rw-p 00000000 00:00 0 
7f7d2c000000-7f7d2c021000 rw-p 00000000 00:00 0 
7f7d2c021000-7f7d30000000 ---p 00000000 00:00 0 
7f7d30000000-7f7d30021000 rw-p 00000000 00:00 0 
7f7d30021000-7f7d34000000 ---p 00000000 00:00 0 
7f7d34000000-7f7d34021000 rw-p 00000000 00:00 0 
7f7d34021000-7f7d38000000 ---p 00000000 00:00 0 
7f7d38000000-7f7d38021000 rw-p 00000000 00:00 0 
7f7d38021000-7f7d3c000000 ---p 00000000 00:00 0 
7f7d3c000000-7f7d3c03d000 rw-p 00000000 00:00 0 
7f7d3c03d000-7f7d40000000 ---p 00000000 00:00 0 
7f7d40000000-7f7d40009000 r-xp 00000000 00:24 8171204                    /usr/lib64/libbrotlidec.so.1.2.0
7f7d40009000-7f7d4000d000 r--p 00009000 00:24 8171204                    /usr/lib64/libbrotlidec.so.1.2.0
7f7d4000d000-7f7d4000e000 r--p 0000c000 00:24 8171204                    /usr/lib64/libbrotlidec.so.1.2.0
7f7d4000e000-7f7d400eb000 rw-p 00000000 00:00 0 
7f7d400eb000-7f7d400ef000 ---p 00000000 00:00 0 
7f7d400ef000-7f7d403ee000 rw-p 00000000 00:00 0 
7f7d403ee000-7f7d43600000 rw-p 00000000 00:00 0 
7f7d43600000-7f7d43603000 r-xp 00000000 00:24 15222041                   /usr/lib64/libwayland-cursor.so.0.26.0
7f7d43603000-7f7d43605000 r--p 00003000 00:24 15222041                   /usr/lib64/libwayland-cursor.so.0.26.0
7f7d43605000-7f7d43606000 r--p 00004000 00:24 15222041                   /usr/lib64/libwayland-cursor.so.0.26.0
7f7d43606000-7f7d4360a000 rw-p 00005000 00:24 15222041                   /usr/lib64/libwayland-cursor.so.0.26.0
7f7d4360a000-7f7d4360c000 r--p 00000000 00:24 56312678                   /home/mahalo/.local/share/JetBrains/Toolbox/apps/datagrip/jbr/lib/libzip.so
7f7d4360c000-7f7d43610000 r-xp 00002000 00:24 56312678                   /home/mahalo/.local/share/JetBrains/Toolbox/apps/datagrip/jbr/lib/libzip.so
7f7d43610000-7f7d43612000 r--p 00006000 00:24 56312678                   /home/mahalo/.local/share/JetBrains/Toolbox/apps/datagrip/jbr/lib/libzip.so
7f7d43612000-7f7d43613000 r--p 00007000 00:24 56312678                   /home/mahalo/.local/share/JetBrains/Toolbox/apps/datagrip/jbr/lib/libzip.so
7f7d43613000-7f7d43614000 rw-p 00000000 00:00 0 
7f7d43614000-7f7d43615000 r--p 00000000 00:24 56312777                   /home/mahalo/.local/share/JetBrains/Toolbox/apps/datagrip/jbr/lib/libsimdsort.so
7f7d43615000-7f7d4364e000 r-xp 00001000 00:24 56312777                   /home/mahalo/.local/share/JetBrains/Toolbox/apps/datagrip/jbr/lib/libsimdsort.so
7f7d4364e000-7f7d43654000 r--p 0003a000 00:24 56312777                   /home/mahalo/.local/share/JetBrains/Toolbox/apps/datagrip/jbr/lib/libsimdsort.so
7f7d43654000-7f7d43655000 r--p 0003f000 00:24 56312777                   /home/mahalo/.local/share/JetBrains/Toolbox/apps/datagrip/jbr/lib/libsimdsort.so
7f7d43655000-7f7d43697000 rw-p 00000000 00:00 0 
7f7d43697000-7f7d4399a000 rw-p 00000000 00:00 0 
7f7d4399a000-7f7d43e12000 rw-p 00000000 00:00 0 
7f7d43e12000-7f7d441a2000 ---p 00000000 00:00 0 
7f7d441a2000-7f7d441c2000 rw-p 00000000 00:00 0 
7f7d441c2000-7f7d44222000 ---p 00000000 00:00 0 
7f7d44222000-7f7d44232000 rw-p 00000000 00:00 0 
7f7d44232000-7f7d4b452000 ---p 00000000 00:00 0 
7f7d4b452000-7f7d4b4f2000 rw-p 00000000 00:00 0 
7f7d4b4f2000-7f7d4b564000 ---p 00000000 00:00 0 
7f7d4b564000-7f7d4b568000 rw-p 00000000 00:00 0 
7f7d4b568000-7f7d4b574000 ---p 00000000 00:00 0 
7f7d4b574000-7f7d4b576000 rw-p 00000000 00:00 0 
7f7d4b576000-7f7d4c3ba000 ---p 00000000 00:00 0 
7f7d4c3ba000-7f7d4c430000 rw-p 00000000 00:00 0 
7f7d4c430000-7f7d4c4a2000 ---p 00000000 00:00 0 
7f7d4c4a2000-7f7d4c4a6000 rw-p 00000000 00:00 0 
7f7d4c4a6000-7f7d4c4b2000 ---p 00000000 00:00 0 
7f7d4c4b2000-7f7d4c4b4000 rw-p 00000000 00:00 0 
7f7d4c4b4000-7f7d4d2f8000 ---p 00000000 00:00 0 
7f7d4d2f8000-7f7d4d3ff000 rw-p 00000000 00:00 0 
7f7d4d3ff000-7f7d4e5ff000 rwxp 00000000 00:00 0 
7f7d4e5ff000-7f7d5485f000 ---p 00000000 00:00 0 
7f7d5485f000-7f7d54e6f000 rwxp 00000000 00:00 0 
7f7d54e6f000-7f7d54fa0000 ---p 00000000 00:00 0 
7f7d54fa0000-7f7d554c0000 rwxp 00000000 00:00 0 
7f7d554c0000-7f7d5c400000 ---p 00000000 00:00 0 
7f7d5c400000-7f7d5ffba000 r--s 00000000 00:24 56312686                   /home/mahalo/.local/share/JetBrains/Toolbox/apps/datagrip/jbr/lib/modules
7f7d5ffba000-7f7d5ffbb000 r--s 00000000 00:24 14981972                   /usr/lib/fontconfig/cache/6fcb01a03a016cc71057b587cdea6709-le64.cache-9
7f7d5ffbb000-7f7d5ffc3000 rw-s 00000000 00:24 60197568                   /home/mahalo/.local/share/vivenotes/notes.db-shm
7f7d5ffc3000-7f7d60749000 rw-p 00000000 00:00 0 
7f7d60749000-7f7d64000000 ---p 00000000 00:00 0 
7f7d64000000-7f7d64001000 r--s 00000000 00:24 45618369                   /home/mahalo/.cache/fontconfig/aa02322cc1375fea2382deabf4339973-le64.cache-9
7f7d64001000-7f7d64002000 r--s 00000000 00:24 16025164                   /usr/lib/fontconfig/cache/aa1e7e339e8ba54420bca0caa86a076f-le64.cache-9
7f7d64002000-7f7d64003000 r--s 00000000 00:07 1451                       /dev/nvidiactl
7f7d64003000-7f7d64005000 r--p 00000000 00:24 56312682                   /home/mahalo/.local/share/JetBrains/Toolbox/apps/datagrip/jbr/lib/libnet.so
7f7d64005000-7f7d6400d000 r-xp 00002000 00:24 56312682                   /home/mahalo/.local/share/JetBrains/Toolbox/apps/datagrip/jbr/lib/libnet.so
7f7d6400d000-7f7d6400f000 r--p 0000a000 00:24 56312682                   /home/mahalo/.local/share/JetBrains/Toolbox/apps/datagrip/jbr/lib/libnet.so
7f7d6400f000-7f7d64010000 r--p 0000b000 00:24 56312682                   /home/mahalo/.local/share/JetBrains/Toolbox/apps/datagrip/jbr/lib/libnet.so
7f7d64010000-7f7d64011000 rw-p 00000000 00:00 0 
7f7d64011000-7f7d64012000 r--p 00000000 00:24 12983972                   /usr/lib/locale/en_US.utf8/LC_NUMERIC
7f7d64012000-7f7d64013000 r--p 00000000 00:24 12983933                   /usr/lib/locale/en_US.utf8/LC_TIME
7f7d64013000-7f7d64014000 r--p 00000000 00:24 12983931                   /usr/lib/locale/en_US.utf8/LC_MONETARY
7f7d64014000-7f7d64015000 r--p 00000000 00:24 12983970                   /usr/lib/locale/en_US.utf8/LC_MESSAGES/SYS_LC_MESSAGES
7f7d64015000-7f7d64016000 r--p 00000000 00:24 12983987                   /usr/lib/locale/en_US.utf8/LC_PAPER
7f7d64016000-7f7d6401d000 r--s 00000000 00:24 12999240                   /usr/lib64/gconv/gconv-modules.cache
7f7d6401d000-7f7d65139000 rw-p 00000000 00:00 0 
7f7d65139000-7f7d65217000 ---p 00000000 00:00 0 
7f7d65217000-7f7d6523b000 rw-p 00000000 00:00 0 
7f7d6523b000-7f7d65300000 ---p 00000000 00:00 0 
7f7d65300000-7f7d65304000 ---p 00000000 00:00 0 
7f7d65304000-7f7d65400000 rw-p 00000000 00:00 0 
7f7d65400000-7f7d656dd000 r--p 00000000 00:24 56312703                   /home/mahalo/.local/share/JetBrains/Toolbox/apps/datagrip/jbr/lib/server/libjvm.so
7f7d656dd000-7f7d66683000 r-xp 002dd000 00:24 56312703                   /home/mahalo/.local/share/JetBrains/Toolbox/apps/datagrip/jbr/lib/server/libjvm.so
7f7d66683000-7f7d669a1000 r--p 01283000 00:24 56312703                   /home/mahalo/.local/share/JetBrains/Toolbox/apps/datagrip/jbr/lib/server/libjvm.so
7f7d669a1000-7f7d669a2000 ---p 015a1000 00:24 56312703                   /home/mahalo/.local/share/JetBrains/Toolbox/apps/datagrip/jbr/lib/server/libjvm.so
7f7d669a2000-7f7d66a8b000 r--p 015a1000 00:24 56312703                   /home/mahalo/.local/share/JetBrains/Toolbox/apps/datagrip/jbr/lib/server/libjvm.so
7f7d66a8b000-7f7d66ab7000 rw-p 0168a000 00:24 56312703                   /home/mahalo/.local/share/JetBrains/Toolbox/apps/datagrip/jbr/lib/server/libjvm.so
7f7d66ab7000-7f7d66b43000 rw-p 00000000 00:00 0 
7f7d66b43000-7f7d66b44000 r--p 00000000 00:24 12983971                   /usr/lib/locale/en_US.utf8/LC_NAME
7f7d66b44000-7f7d66b45000 r--p 00000000 00:24 12983927                   /usr/lib/locale/en_US.utf8/LC_ADDRESS
7f7d66b45000-7f7d66b46000 r--p 00000000 00:24 12983932                   /usr/lib/locale/en_US.utf8/LC_TELEPHONE
7f7d66b46000-7f7d66b47000 r--p 00000000 00:24 12983930                   /usr/lib/locale/en_US.utf8/LC_MEASUREMENT
7f7d66b47000-7f7d66b48000 r--p 00000000 00:24 12983929                   /usr/lib/locale/en_US.utf8/LC_IDENTIFICATION
7f7d66b48000-7f7d66b92000 rw-p 00000000 00:00 0 
7f7d66b92000-7f7d66b94000 ---p 00000000 00:00 0 
7f7d66b94000-7f7d66ba0000 r--p 00000000 00:24 56312692                   /home/mahalo/.local/share/JetBrains/Toolbox/apps/datagrip/jbr/lib/libjava.so
7f7d66ba0000-7f7d66bae000 r-xp 0000c000 00:24 56312692                   /home/mahalo/.local/share/JetBrains/Toolbox/apps/datagrip/jbr/lib/libjava.so
7f7d66bae000-7f7d66bb3000 r--p 0001a000 00:24 56312692                   /home/mahalo/.local/share/JetBrains/Toolbox/apps/datagrip/jbr/lib/libjava.so
7f7d66bb3000-7f7d66bb4000 ---p 0001f000 00:24 56312692                   /home/mahalo/.local/share/JetBrains/Toolbox/apps/datagrip/jbr/lib/libjava.so
7f7d66bb4000-7f7d66bb5000 r--p 0001f000 00:24 56312692                   /home/mahalo/.local/share/JetBrains/Toolbox/apps/datagrip/jbr/lib/libjava.so
7f7d66bb5000-7f7d66bb6000 rw-p 00020000 00:24 56312692                   /home/mahalo/.local/share/JetBrains/Toolbox/apps/datagrip/jbr/lib/libjava.so
7f7d66bb6000-7f7d66bb7000 rw-p 00000000 00:00 0 
7f7d66bb7000-7f7d66bbf000 rw-s 00000000 00:34 33938                      /tmp/hsperfdata_mahalo/381336
7f7d66bbf000-7f7d66bc0000 ---p 00000000 00:00 0 
7f7d66bc0000-7f7d66bc1000 r--p 00000000 00:00 0 
7f7d66bc1000-7f7d66c50000 r-xp 00000000 00:24 12983702                   /usr/lib64/libm.so.6
7f7d66c50000-7f7d66cd6000 r--p 0008f000 00:24 12983702                   /usr/lib64/libm.so.6
7f7d66cd6000-7f7d66cd7000 r--p 00114000 00:24 12983702                   /usr/lib64/libm.so.6
7f7d66cd7000-7f7d66cd8000 rw-p 00115000 00:24 12983702                   /usr/lib64/libm.so.6
7f7d66cd8000-7f7d66cd9000 r-xp 00000000 00:24 12983710                   /usr/lib64/librt.so.1
7f7d66cd9000-7f7d66cda000 r--p 00001000 00:24 12983710                   /usr/lib64/librt.so.1
7f7d66cda000-7f7d66cdb000 r--p 00001000 00:24 12983710                   /usr/lib64/librt.so.1
7f7d66cdb000-7f7d66ce0000 rw-p 00000000 00:00 0 
7f7d66ce0000-7f7d66ce1000 r-xp 00000000 00:24 12983708                   /usr/lib64/libpthread.so.0
7f7d66ce1000-7f7d66ce2000 r--p 00001000 00:24 12983708                   /usr/lib64/libpthread.so.0
7f7d66ce2000-7f7d66ce3000 r--p 00001000 00:24 12983708                   /usr/lib64/libpthread.so.0
7f7d66ce3000-7f7d66ce4000 rw-p 00000000 00:00 0 
7f7d66ce4000-7f7d66ce5000 r-xp 00000000 00:24 12983701                   /usr/lib64/libdl.so.2
7f7d66ce5000-7f7d66ce6000 r--p 00001000 00:24 12983701                   /usr/lib64/libdl.so.2
7f7d66ce6000-7f7d66ce7000 r--p 00001000 00:24 12983701                   /usr/lib64/libdl.so.2
7f7d66ce7000-7f7d66ce8000 rw-p 00000000 00:00 0 
7f7d66ce8000-7f7d66d05000 r-xp 00000000 00:24 8168895                    /usr/lib64/libz.so.1.3.1.zlib-ng
7f7d66d05000-7f7d66d10000 r--p 0001d000 00:24 8168895                    /usr/lib64/libz.so.1.3.1.zlib-ng
7f7d66d10000-7f7d66d11000 r--p 00027000 00:24 8168895                    /usr/lib64/libz.so.1.3.1.zlib-ng
7f7d66d11000-7f7d66d12000 rw-p 00028000 00:24 8168895                    /usr/lib64/libz.so.1.3.1.zlib-ng
7f7d66d12000-7f7d66e84000 r-xp 00000000 00:24 12983700                   /usr/lib64/libc.so.6
7f7d66e84000-7f7d66efd000 r--p 00172000 00:24 12983700                   /usr/lib64/libc.so.6
7f7d66efd000-7f7d66f01000 r--p 001eb000 00:24 12983700                   /usr/lib64/libc.so.6
7f7d66f01000-7f7d66f03000 rw-p 001ef000 00:24 12983700                   /usr/lib64/libc.so.6
7f7d66f03000-7f7d66f0b000 rw-p 00000000 00:00 0 
7f7d66f0b000-7f7d66f0c000 ---p 00000000 00:00 0 
7f7d66f0c000-7f7d66f0f000 r--p 00000000 00:24 56312780                   /home/mahalo/.local/share/JetBrains/Toolbox/apps/datagrip/jbr/lib/libjimage.so
7f7d66f0f000-7f7d66f23000 r-xp 00003000 00:24 56312780                   /home/mahalo/.local/share/JetBrains/Toolbox/apps/datagrip/jbr/lib/libjimage.so
7f7d66f23000-7f7d66f29000 r--p 00017000 00:24 56312780                   /home/mahalo/.local/share/JetBrains/Toolbox/apps/datagrip/jbr/lib/libjimage.so
7f7d66f29000-7f7d66f2a000 ---p 0001d000 00:24 56312780                   /home/mahalo/.local/share/JetBrains/Toolbox/apps/datagrip/jbr/lib/libjimage.so
7f7d66f2a000-7f7d66f2c000 r--p 0001d000 00:24 56312780                   /home/mahalo/.local/share/JetBrains/Toolbox/apps/datagrip/jbr/lib/libjimage.so
7f7d66f2c000-7f7d66f2d000 rw-p 0001f000 00:24 56312780                   /home/mahalo/.local/share/JetBrains/Toolbox/apps/datagrip/jbr/lib/libjimage.so
7f7d66f2d000-7f7d66f2f000 r--p 00000000 00:24 56312776                   /home/mahalo/.local/share/JetBrains/Toolbox/apps/datagrip/jbr/lib/libjli.so
7f7d66f2f000-7f7d66f39000 r-xp 00002000 00:24 56312776                   /home/mahalo/.local/share/JetBrains/Toolbox/apps/datagrip/jbr/lib/libjli.so
7f7d66f39000-7f7d66f3c000 r--p 0000c000 00:24 56312776                   /home/mahalo/.local/share/JetBrains/Toolbox/apps/datagrip/jbr/lib/libjli.so
7f7d66f3c000-7f7d66f3d000 ---p 0000f000 00:24 56312776                   /home/mahalo/.local/share/JetBrains/Toolbox/apps/datagrip/jbr/lib/libjli.so
7f7d66f3d000-7f7d66f3e000 r--p 0000f000 00:24 56312776                   /home/mahalo/.local/share/JetBrains/Toolbox/apps/datagrip/jbr/lib/libjli.so
7f7d66f3e000-7f7d66f3f000 rw-p 00010000 00:24 56312776                   /home/mahalo/.local/share/JetBrains/Toolbox/apps/datagrip/jbr/lib/libjli.so
7f7d66f3f000-7f7d66f41000 rw-p 00000000 00:00 0 
7f7d66f41000-7f7d66f45000 r--p 00000000 00:00 0                          [vvar]
7f7d66f45000-7f7d66f47000 r--p 00000000 00:00 0                          [vvar_vclock]
7f7d66f47000-7f7d66f49000 r-xp 00000000 00:00 0                          [vdso]
7f7d66f49000-7f7d66f74000 r-xp 00000000 00:24 12983697                   /usr/lib64/ld-linux-x86-64.so.2
7f7d66f74000-7f7d66f80000 r--p 0002b000 00:24 12983697                   /usr/lib64/ld-linux-x86-64.so.2
7f7d66f80000-7f7d66f82000 r--p 00037000 00:24 12983697                   /usr/lib64/ld-linux-x86-64.so.2
7f7d66f82000-7f7d66f83000 rw-p 00039000 00:24 12983697                   /usr/lib64/ld-linux-x86-64.so.2
7f7d66f83000-7f7d66f84000 rw-p 00000000 00:00 0 
7fffb724b000-7fffb7270000 rw-p 00000000 00:00 0                          [stack]
ffffffffff600000-ffffffffff601000 --xp 00000000 00:00 0                  [vsyscall]
Total number of mappings: 642

JVMTI agents: none


VM Arguments:
jvm_args: -Dcompose.application.configure.swing.globals=true -Dcompose.application.resources.dir=/home/mahalo/repos/viveHub/multiplataform-vive/desktopApp/build/compose/tmp/prepareAppResources --enable-native-access=ALL-UNNAMED -Dfile.encoding=UTF-8 -Duser.country=US -Duser.language=en -Duser.variant -Dawt.toolkit.name=XToolkit 
java_command: com.vivenotes.desktop.MainKt
java_class_path (initial): /home/mahalo/repos/viveHub/multiplataform-vive/desktopApp/build/libs/desktopApp.jar:/home/mahalo/repos/viveHub/multiplataform-vive/shared/build/libs/shared-jvm.jar:/home/mahalo/.gradle/caches/modules-2/files-2.1/org.jetbrains.compose.desktop/desktop-jvm/1.12.1/55722afc383641f44e5059e3a87e076436190826/desktop-jvm-1.12.1.jar:/home/mahalo/.gradle/caches/modules-2/files-2.1/org.jetbrains.compose.material3/material3-desktop/1.12.0-alpha03/aa400c3f70e5a2c03f2e1882ea18bea44fb8d6a8/material3-desktop-1.12.0-alpha03.jar:/home/mahalo/.gradle/caches/modules-2/files-2.1/org.jetbrains.compose.components/components-resources-desktop/1.12.1/7fdb66431787bd9615dc099a4ee83682297a02cf/library-desktop-1.12.1.jar:/home/mahalo/.gradle/caches/modules-2/files-2.1/org.jetbrains.compose.material/material-desktop/1.12.1/6d090e795e1575f46fcd5f993f38c2e34b976a32/material-desktop-1.12.1.jar:/home/mahalo/.gradle/caches/modules-2/files-2.1/org.jetbrains.compose.animation/animation-core-desktop/1.12.1/a14cdb09ab8792b6b20d298d0a26530969228b0f/animation-core-desktop-1.12.1.jar:/home/mahalo/.gradle/caches/modules-2/files-2.1/org.jetbrains.compose.material/material-ripple-desktop/1.12.1/b4b34a8be94b8c41526d448a58d7ce2256872df5/material-ripple-desktop-1.12.1.jar:/home/mahalo/.gradle/caches/modules-2/files-2.1/org.jetbrains.compose.animation/animation-desktop/1.12.1/4e815509a4bedbf3ff9f3ce292c548989a00ff53/animation-desktop-1.12.1.jar:/home/mahalo/.gradle/caches/modules-2/files-2.1/org.jetbrains.compose.foundation/foundation-layout-desktop/1.12.1/64d4f43ec090a85f3069762a5c39a147c6d2c9aa/foundation-layout-desktop-1.12.1.jar:/home/mahalo/.gradle/caches/modules-2/files-2.1/org.jetbrains.compose.foundation/foundation-desktop/1.12.1/cb418f810ab36f9268c13816a6b21d9cd6ffa4b7/foundation-desktop-1.12.1.jar:/home/mahalo/.gradle/caches/modules-2/files-2.1/org.jetbrains.compose.ui/ui-unit-desktop/1.12.1/e0670f2fc4ace09368fdba41c15558e1fa79e866/ui-unit-desktop-1.12.1.jar:/home/mahalo/.gradle/caches/modules-2/files-2.1/org.jetbrains.compose.ui/ui-graphics-desktop/1.12.1/dc0dbaa823b75a72d2306459e0a118b65769aa22/ui-graphics-desktop-1.12.1.jar:/home/mahalo/.gradle/caches/modules-2/files-2.1/org.jetbrains.compose.ui/ui-geometry-desktop/1.12.1/21ca5715bcde50586e57506f07b280ff8b626bdb/ui-geometry-desktop-1.12.1.jar:/home/mahalo/.gradle/caches/modules-2/files-2.1/org.jetbrains.compose.ui/ui-backhandler-desktop/1.12.1/170494f680ff0f7532eeba0f4ba936b54224ed32/ui-backhandler-desktop-1.12.1.jar:/home/mahalo/.gradle/caches/modules-2/files-2.1/org.jetbrains.compose.ui/ui-util-desktop/1.12.1/2d41b1dcda0c16efa86718f309fe2159a2890028/ui-util-desktop-1.12.1.jar:/home/mahalo/.gradle/caches/modules-2/files-2.1/org.jetbrains.compose.ui/ui-text-desktop/1.12.1/af2aab56220491e300daa1def6ce1e586f18d84/ui-text-desktop-1.12.1.jar:/home/mahalo/.gradle/caches/modules-2/files-2.1/org.jetbrains.compose.ui/ui-tooling-preview-desktop/1.12.1/9871d626c28849c2f353e15d7694e38d7996ddcc/ui-tooling-preview-desktop-1.12.1.jar:/home/mahalo/.gradle/caches/modules-2/files-2.1/org.jetbrains.compose.ui/ui-desktop/1.12.1/a6d765fb5086ca7046af0172a7fc2ff3b32a3e59/ui-desktop-1.12.1.jar:/home/mahalo/.gradle/caches/modules-2/files-2.1/androidx.room/room-common-jvm/2.8.5/3aeefef6615720bec8c860dd0786b48552ef3300/room-common-jvm-2.8.5.jar:/home/mahalo/.gradle/caches/modules-2/files-2.1/androidx.room/room-runtime-jvm/2.8.5/2575b5e0c129353ebec73cf5b5ed3f0a9182bb38/room-runtime-jvm-2.8.5.jar:/home/mahalo/.gradle/caches/modules-2/files-2.1/org.jetbrains.skiko/skiko-awt-runtime-linux-x64/0.150.1/78745f9e9e70d6d5127e928cc9dd12909482bed/skiko-awt-runtime-linux-x64-0.150.1.jar:/home/mahalo/.gradle/caches/modules-2/files-2.1/org.jetbrains.skiko/skiko-awt/0.150.1/e03fd8140c0e331c3c7018b00a9710ec98d78fc1/skiko-awt-0.150.1.jar:/home/mahalo/.gradle/caches/modules-2/files-2.1/androidx.lifecycle/lifecycle-viewmodel-desktop/2.11.0/156dea0e0e4862b60bc14881891bae1e5df64f81/lifecycle-viewmodel-desktop-2.11.0.jar:/home/mahalo/.gradle/caches/modules-2/files-2.1/org.jetbrains.androidx.savedstate/savedstate-compose-desktop/1.3.6/63692375ffe667f12cb3ea8aa1e605d659ed2add/savedstate-compose-desktop-1.3.6.jar:/home/mahalo/.gradle/caches/modules-2/files-2.1/androidx.savedstate/savedstate-compose-desktop/1.4.0/d3d6e0e2108528eb6080dc250da925a572be4202/savedstate-compose-desktop-1.4.0.jar:/home/mahalo/.gradle/caches/modules-2/files-2.1/androidx.savedstate/savedstate-desktop/1.4.0/3b049a0f81643d6b4b900de95bc23efc085c32d5/savedstate-desktop-1.4.0.jar:/home/mahalo/.gradle/caches/modules-2/files-2.1/androidx.lifecycle/lifecycle-common-jvm/2.11.0/2c4f7d92f1fd723121d394c93455f50158403ad9/lifecycle-common-jvm-2.11.0.jar:/home/mahalo/.gradle/caches/modules-2/files-2.1/androidx.lifecycle/lifecycle-runtime-compose-desktop/2.11.0/8a85615b7e4f5728106bf7bc3cfa95f429eb6264/lifecycle-runtime-compose-desktop-2.11.0.jar:/home/mahalo/.gradle/caches/modules-2/files-2.1/androidx.lifecycle/lifecycle-runtime-desktop/2.11.0/c2b5e2f7d739375538c2a74757531a30607f85ff/lifecycle-runtime-desktop-2.11.0.jar:/home/mahalo/.gradle/caches/modules-2/files-2.1/org.jetbrains.androidx.lifecycle/lifecycle-runtime-desktop/2.11.0/b4e8a3260204a504b7008677906ba944162497f7/lifecycle-runtime-desktop-2.11.0.jar:/home/mahalo/.gradle/caches/modules-2/files-2.1/org.jetbrains.androidx.lifecycle/lifecycle-viewmodel-desktop/2.11.0/f918680fbce7246e0f818359148a1a520ee4d4fe/lifecycle-viewmodel-desktop-2.11.0.jar:/home/mahalo/.gradle/caches/modules-2/files-2.1/org.jetbrains.androidx.lifecycle/lifecycle-common-jvm/2.11.0/a56a66ee80e26159ac4281e8eca66857aa995fd3/lifecycle-common-jvm-2.11.0.jar:/home/mahalo/.gradle/caches/modules-2/files-2.1/org.jetbrains.androidx.lifecycle/lifecycle-viewmodel-savedstate-desktop/2.11.0/ed1746452bd8f44f675b6c4c3a3c892d25517ff9/lifecycle-viewmodel-savedstate-desktop-2.11.0.jar:/home/mahalo/.gradle/caches/modules-2/files-2.1/androidx.lifecycle/lifecycle-viewmodel-savedstate-desktop/2.11.0/4e8025bc47a196b0ee403b8d915393ae7922c21a/lifecycle-viewmodel-savedstate-desktop-2.11.0.jar:/home/mahalo/.gradle/caches/modules-2/files-2.1/androidx.lifecycle/lifecycle-viewmodel-compose-desktop/2.11.0/29daa46bc0d2d574ee95309be1f325764f40b35b/lifecycle-viewmodel-compose-desktop-2.11.0.jar:/home/mahalo/.gradle/caches/modules-2/files-2.1/org.jetbrains.androidx.navigationevent/navigationevent-compose-desktop/1.1.0/d4c4408fbc6ac4dbddaef91d82013f435c02a9c5/navigationevent-compose-desktop-1.1.0.jar:/home/mahalo/.gradle/caches/modules-2/files-2.1/androidx.navigationevent/navigationevent-compose-desktop/1.1.1/ef8d1270c6439178474691b1886e2c3dc97f9ce/navigationevent-compose-desktop-1.1.1.jar:/home/mahalo/.gradle/caches/modules-2/files-2.1/androidx.navigationevent/navigationevent-desktop/1.1.1/10a65e605d90c6dc98f3de9d32ae32824a7d0a1f/navigationevent-desktop-1.1.1.jar:/home/mahalo/.gradle/caches/modules-2/files-2.1/androidx.compose.runtime/runtime-annotation-jvm/1.12.1/4cf2b71ea98c0d69c95a2885e521ba28af5fa7a0/runtime-annotation-jvm-1.12.1.jar:/home/mahalo/.gradle/caches/modules-2/files-2.1/androidx.compose.runtime/runtime-retain-desktop/1.12.1/3aa3ec26ef2a3d26bc556b51b33d09efc1a198e8/runtime-retain-desktop-1.12.1.jar:/home/mahalo/.gradle/caches/modules-2/files-2.1/androidx.compose.runtime/runtime-saveable-desktop/1.12.1/8cacc17c590b2ac5fabf040c4f66d432092a821/runtime-saveable-desktop-1.12.1.jar:/home/mahalo/.gradle/caches/modules-2/files-2.1/org.jetbrains.compose.runtime/runtime-saveable-desktop/1.12.1/b4a48d211ac0281b049bf42cb21f715c71b69145/runtime-saveable-desktop-1.12.1.jar:/home/mahalo/.gradle/caches/modules-2/files-2.1/org.jetbrains.androidx.lifecycle/lifecycle-runtime-compose-desktop/2.11.0/1cca06f1b4a646e4608e2be2ac84eb1a2a7b5d6/lifecycle-runtime-compose-desktop-2.11.0.jar:/home/mahalo/.gradle/caches/modules-2/files-2.1/org.jetbrains.androidx.lifecycle/lifecycle-viewmodel-compose-desktop/2.11.0/ff2664cede898eb2b62baf979d3deec68f16b54e/lifecycle-viewmodel-compose-desktop-2.11.0.jar:/home/mahalo/.gradle/caches/modules-2/files-2.1/org.jetbrains.compose.runtime/runtime-desktop/1.12.1/d9b0c5277cd9ba7a116fbb06e1716d02d0b33401/runtime-desktop-1.12.1.jar:/home/mahalo/.gradle/caches/modules-2/files-2.1/androidx.compose.runtime/runtime-desktop/1.12.1/82e40832ddf785e9c0c15c4186d32f8c894fd914/runtime-desktop-1.12.1.jar:/home/mahalo/.gradle/caches/modules-2/files-2.1/org.jetbrains.kotlinx/kotlinx-coroutines-core-jvm/1.11.0/3d57dc678bd8d72a60e7adf0eca5c54e3f4f4b79/kotlinx-coroutines-core-jvm-1.11.0.jar:/home/mahalo/.gradle/caches/modules-2/files-2.1/org.jetbrains.kotlinx/kotlinx-coroutines-swing/1.11.0/3cf134b8aefd813622edc37e60d66b939b55cb36/kotlinx-coroutines-swing-1.11.0.jar:/home/mahalo/.gradle/caches/modules-2/files-2.1/org.jetbrains.kotlinx/kotlinx-serialization-cbor-jvm/1.11.0/9f80a700f704b16e873ce1723e838e3062cf99a/kotlinx-serialization-cbor-jvm-1.11.0.jar:/home/mahalo/.gradle/caches/modules-2/files-2.1/org.jetbrains.kotlinx/kotlinx-serialization-core-jvm/1.11.0/c1905c9bf7452b045d5af9248835abe64ddad6bf/kotlinx-serialization-core-jvm-1.11.0.jar:/home/mahalo/.gradle/caches/modules-2/files-2.1/org.jetbrains.kotlinx/kotlinx-serialization-json-jvm/1.11.0/e7e045e99e56f07599bb9ccb708c2190e2af0606/kotlinx-serialization-json-jvm-1.11.0.jar:/home/mahalo/.gradle/caches/modules-2/files-2.1/androidx.sqlite/sqlite-jvm/2.6.2/92b1b8977be8280aa0114e67b4b1a87f6a6c8662/sqlite-jvm-2.6.2.jar:/home/mahalo/.gradle/caches/modules-2/files-2.1/androidx.sqlite/sqlite-bundled-jvm/2.6.2/b3975852b3b6f58c63d5d64e5f65b2226350238e/sqlite-bundled-jvm-2.6.2.jar:/home/mahalo/.gradle/caches/modules-2/files-2.1/androidx.graphics/graphics-shapes-desktop/1.1.0/a5d2198960bdc0915f74c6b2954d3323f35f40ea/graphics-shapes-desktop-1.1.0.jar:/home/mahalo/.gradle/caches/modules-2/files-2.1/androidx.collection/collection-jvm/1.5.0/7ba2c69414d46ebc2dd76598bdd0a75c54281a57/collection-jvm-1.5.0.jar:/home/mahalo/.gradle/caches/modules-2/files-2.1/androidx.arch.core/core-common/2.2.0/5e1b8b81dfd5f52c56a8d53b18ca759c19a301f3/core-common-2.2.0.jar:/home/mahalo/.gradle/caches/modules-2/files-2.1/androidx.annotation/annotation-jvm/1.9.1/b17951747e38bf3986a24431b9ba0d039958aa5f/annotation-jvm-1.9.1.jar:/home/mahalo/.gradle/caches/modules-2/files-2.1/org.jetbrains.kotlinx/atomicfu-jvm/0.28.0/6a9ac536f4b2144e57c176fd4e26821eb12084f4/atomicfu-jvm-0.28.0.jar:/home/mahalo/.gradle/caches/modules-2/files-2.1/org.jetbrains.kotlinx/kotlinx-datetime-jvm/0.7.1/81c2e0246bd28cc2dcbdf0ab53628322e66a9de9/kotlinx-datetime-jvm-0.7.1.jar:/home/mahalo/.gradle/caches/modules-2/files-2.1/org.jetbrains.kotlin/kotlin-stdlib/2.4.20/94c1451890d164aed65d43b3db0b7ecef7c183e7/kotlin-stdlib-2.4.20.jar:/home/mahalo/.gradle/caches/modules-2/files-2.1/org.jetbrains/annotations/23.0.0/8cc20c07506ec18e0834947b84a864bfc094484e/annotations-23.0.0.jar:/home/mahalo/.gradle/caches/modules-2/files-2.1/org.jetbrains.runtime/jbr-api/1.9.0/2bc161f5472b5fd5610740e4d6ebe896c811cb0e/jbr-api-1.9.0.jar:/home/mahalo/.gradle/caches/modules-2/files-2.1/org.jspecify/jspecify/1.0.0/7425a601c1c7ec76645a78d22b8c6a627edee507/jspecify-1.0.0.jar
Launcher Type: SUN_STANDARD

[Global flags]
     intx CICompilerCount                          = 12                                        {product} {ergonomic}
     uint ConcGCThreads                            = 5                                         {product} {ergonomic}
     uint G1ConcRefinementThreads                  = 18                                        {product} {ergonomic}
   size_t G1HeapRegionSize                         = 4194304                                   {product} {ergonomic}
   size_t InitialHeapSize                          = 511705088                                 {product} {ergonomic}
   size_t MarkStackSize                            = 4194304                                   {product} {ergonomic}
   size_t MarkStackSizeMax                         = 536870912                                 {product} {ergonomic}
   size_t MaxHeapSize                              = 8183087104                                {product} {ergonomic}
   size_t MaxNewSize                               = 4907335680                                {product} {ergonomic}
   size_t MinHeapDeltaBytes                        = 4194304                                   {product} {ergonomic}
   size_t MinHeapSize                              = 8388608                                   {product} {ergonomic}
    uintx NonNMethodCodeHeapSize                   = 7606272                                {pd product} {ergonomic}
    uintx NonProfiledCodeHeapSize                  = 122028032                              {pd product} {ergonomic}
    uintx ProfiledCodeHeapSize                     = 122028032                              {pd product} {ergonomic}
    uintx ReservedCodeCacheSize                    = 251662336                              {pd product} {ergonomic}
     bool SegmentedCodeCache                       = true                                      {product} {ergonomic}
   size_t SoftMaxHeapSize                          = 8183087104                             {manageable} {ergonomic}
     bool UseCompressedOops                        = true                           {product lp64_product} {ergonomic}
     bool UseG1GC                                  = true                                      {product} {ergonomic}

Logging:
Log output configuration:
 #0: stdout all=warning uptime,level,tags foldmultilines=false
 #1: stderr all=off uptime,level,tags foldmultilines=false

Release file:
JAVA_VERSION="25.0.4"
MODULES="java.base java.compiler java.datatransfer java.xml java.prefs java.desktop java.instrument java.logging java.management java.security.sasl java.naming java.rmi java.management.rmi java.net.http java.scripting java.security.jgss java.transaction.xa java.sql java.sql.rowset java.xml.crypto java.se java.smartcardio jdk.accessibility jdk.internal.jvmstat jdk.attach jdk.charsets jdk.internal.opt jdk.zipfs jdk.compiler jdk.crypto.cryptoki jdk.crypto.ec jdk.dynalink jdk.hotspot.agent jdk.httpserver jdk.internal.ed jdk.internal.le jdk.internal.md jdk.internal.vm.ci jdk.javadoc jdk.jcmd jdk.jdwp.agent jdk.jdi jdk.jfr jdk.localedata jdk.management jdk.management.agent jdk.management.jfr jdk.naming.dns jdk.naming.rmi jdk.net jdk.sctp jdk.security.auth jdk.security.jgss jdk.unsupported jdk.unsupported.desktop jdk.xml.dom"
IMPLEMENTOR="JetBrains s.r.o."
IMPLEMENTOR_VERSION="JBR-25.0.4+1-508.27-nomod"
JAVA_RUNTIME_VERSION="25.0.4+1-b508.27"
LIBC="gnu"
OS_ARCH="x86_64"
OS_NAME="Linux"
SOURCE=".:git:4af5e1194b7f+"

Environment Variables:
PATH=/home/mahalo/go/bin/:/home/mahalo/.cargo/bin:/home/mahalo/.local/bin:/home/mahalo/scripts:/home/mahalo/go/bin/:/home/mahalo/.cargo/bin:/home/mahalo/.local/bin:/home/mahalo/scripts:/home/mahalo/go/bin/:/home/mahalo/.cargo/bin:/home/mahalo/.local/bin:/home/mahalo/scripts:/usr/local/bin:/usr/bin:/usr/local/sbin:/usr/sbin
SHELL=/bin/zsh
DISPLAY=:0
WAYLAND_DISPLAY=wayland-1
LANG=en_US.UTF-8
TERM=tmux-256color

Active Locale:
LC_ALL=en_US.UTF-8
LC_COLLATE=en_US.UTF-8
LC_CTYPE=en_US.UTF-8
LC_MESSAGES=en_US.UTF-8
LC_MONETARY=en_US.UTF-8
LC_NUMERIC=en_US.UTF-8
LC_TIME=en_US.UTF-8

Signal Handlers:
   SIGSEGV: crash_handler in libjvm.so, mask=11100100010111111101111111111110, flags=SA_RESTART|SA_SIGINFO, unblocked
    SIGBUS: crash_handler in libjvm.so, mask=11100100010111111101111111111110, flags=SA_RESTART|SA_SIGINFO, unblocked
    SIGFPE: crash_handler in libjvm.so, mask=11100100010111111101111111111110, flags=SA_RESTART|SA_SIGINFO, unblocked
   SIGPIPE: javaSignalHandler in libjvm.so, mask=11100100010111111101111111111110, flags=SA_RESTART|SA_SIGINFO, blocked
   SIGXFSZ: javaSignalHandler in libjvm.so, mask=11100100010111111101111111111110, flags=SA_RESTART|SA_SIGINFO, blocked
    SIGILL: crash_handler in libjvm.so, mask=11100100010111111101111111111110, flags=SA_RESTART|SA_SIGINFO, unblocked
   SIGUSR2: SR_handler in libjvm.so, mask=00000000000000000000000000000000, flags=SA_RESTART|SA_SIGINFO, blocked
    SIGHUP: UserHandler in libjvm.so, mask=11100100010111111101111111111110, flags=SA_RESTART|SA_SIGINFO, blocked
    SIGINT: UserHandler in libjvm.so, mask=11100100010111111101111111111110, flags=SA_RESTART|SA_SIGINFO, blocked
   SIGTERM: UserHandler in libjvm.so, mask=11100100010111111101111111111110, flags=SA_RESTART|SA_SIGINFO, blocked
   SIGQUIT: UserHandler in libjvm.so, mask=11100100010111111101111111111110, flags=SA_RESTART|SA_SIGINFO, blocked
   SIGTRAP: crash_handler in libjvm.so, mask=11100100010111111101111111111110, flags=SA_RESTART|SA_SIGINFO, unblocked


Compilation memory statistics disabled.

Periodic native trim disabled

JNI global refs:
JNI global refs: 130, weak refs: 30

JNI global refs memory usage: 2123, weak refs: 1489

Process memory usage:
Resident Set Size: 796032K (2% of 31960120K total physical memory with 4767224K free physical memory)

OOME stack traces (most recent first):
Classloader memory used:
Loader jdk.internal.loader.ClassLoaders$AppClassLoader                                 : 36135 K
Loader bootstrap                                                                       : 8881 K
Loader jdk.internal.loader.ClassLoaders$PlatformClassLoader                            : 5544 B

---------------  S Y S T E M  ---------------

OS:
Fedora release 44 (Forty Four)
uname: Linux 7.2.7-200.fc44.x86_64 #1 SMP PREEMPT_DYNAMIC Mon Sep 21 18:25:57 UTC 2026 x86_64
OS uptime: 0 days 10:34 hours
libc: glibc 2.43 NPTL 2.43 
rlimit (soft/hard): STACK 8192k/infinity , CORE infinity/infinity , NPROC 124608/124608 , NOFILE 1048576/1048576 , AS infinity/infinity , CPU infinity/infinity , DATA infinity/infinity , FSIZE infinity/infinity , MEMLOCK 8192k/8192k
load average: 0.85 0.95 0.97

/proc/meminfo:
MemTotal:       31960120 kB
MemFree:         1244344 kB
MemAvailable:    4767224 kB
Buffers:            2948 kB
Cached:         15586724 kB
SwapCached:         3112 kB
Active:         16840484 kB
Inactive:        8543704 kB
Active(anon):   16443116 kB
Inactive(anon):  5346932 kB
Active(file):     397368 kB
Inactive(file):  3196772 kB
Unevictable:         304 kB
Mlocked:             304 kB
SwapTotal:       8388604 kB
SwapFree:        1397824 kB
Zswap:                 0 kB
Zswapped:              0 kB
Dirty:              1752 kB
Writeback:             0 kB
AnonPages:       9794196 kB
Mapped:         12990612 kB
Shmem:          11995652 kB
KReclaimable:     398992 kB
Slab:             914912 kB
SReclaimable:     394884 kB
SUnreclaim:       520028 kB
KernelStack:       33568 kB
PageTables:       160312 kB
SecPageTables:     40764 kB
NFS_Unstable:          0 kB
Bounce:                0 kB
WritebackTmp:          0 kB
CommitLimit:    24368664 kB
Committed_AS:   40641948 kB
VmallocTotal:   34359738367 kB
VmallocUsed:      205200 kB
VmallocChunk:          0 kB
Percpu:            26976 kB
HardwareCorrupted:     0 kB
AnonHugePages:         0 kB
ShmemHugePages:        0 kB
ShmemPmdMapped:        0 kB
FileHugePages:         0 kB
FilePmdMapped:         0 kB
CmaTotal:              0 kB
CmaFree:               0 kB
Unaccepted:            0 kB
Balloon:               0 kB
GPUActive:         13808 kB
GPUReclaim:            0 kB
HugePages_Total:       0
HugePages_Free:        0
HugePages_Rsvd:        0
HugePages_Surp:        0
Hugepagesize:       2048 kB
Hugetlb:               0 kB
DirectMap4k:    15916812 kB
DirectMap2M:    16742400 kB
DirectMap1G:           0 kB

/sys/kernel/mm/transparent_hugepage/enabled: always [madvise] never
/sys/kernel/mm/transparent_hugepage/hpage_pmd_size: 2097152
/sys/kernel/mm/transparent_hugepage/shmem_enabled: always within_size advise [never] deny force
/sys/kernel/mm/transparent_hugepage/defrag (defrag/compaction efforts parameter): always defer defer+madvise [madvise] never

Process Memory:
Virtual Size: 13877124K (peak: 13885108K)
Resident Set Size: 796028K (peak: 801480K) (anon: 611216K, file: 128836K, shmem: 55976K)
Swapped out: 0K
C-Heap outstanding allocations: 219012K, retained: 221395K
glibc malloc tunables: (default)

/proc/sys/kernel/threads-max (system-wide limit on the number of threads): 249217
/proc/sys/vm/max_map_count (maximum number of memory map areas a process may have): 1048576
/proc/sys/vm/swappiness (control to define how aggressively the kernel swaps out anonymous memory): 60
/proc/sys/kernel/pid_max (system-wide limit on number of process identifiers): 4194304

container information not found.
Steal ticks since vm start: 0
Steal ticks percentage since vm start:  0.000

CPU: total 24 (initial active 24) (24 cores per cpu, 2 threads per core) family 25 model 97 stepping 2 microcode 0xa60120a, cx8, cmov, fxsr, ht, mmx, 3dnowpref, sse, sse2, sse3, ssse3, sse4a, sse4.1, sse4.2, popcnt, lzcnt, tsc, tscinvbit, avx, avx2, aes, erms, clmul, bmi1, bmi2, adx, avx512f, avx512dq, avx512cd, avx512bw, avx512vl, sha, fma, vzeroupper, avx512_vpopcntdq, avx512_vpclmulqdq, avx512_vaes, avx512_vnni, clflush, clflushopt, clwb, avx512_vbmi2, avx512_vbmi, rdtscp, rdpid, fsrm, gfni, avx512_bitalg, f16c, pku, ospke, cet_ss, avx512_ifma
CPU Model and flags from /proc/cpuinfo:
model name	: AMD Ryzen 9 7900X 12-Core Processor
flags		: fpu vme de pse tsc msr pae mce cx8 apic sep mtrr pge mca cmov pat pse36 clflush mmx fxsr sse sse2 ht syscall nx mmxext fxsr_opt pdpe1gb rdtscp lm constant_tsc rep_good amd_lbr_v2 nopl xtopology nonstop_tsc cpuid extd_apicid aperfmperf rapl pni pclmulqdq monitor ssse3 fma cx16 sse4_1 sse4_2 movbe popcnt aes xsave avx f16c rdrand lahf_lm cmp_legacy svm extapic cr8_legacy abm sse4a misalignsse 3dnowprefetch osvw ibs skinit wdt tce topoext perfctr_core perfctr_nb bpext perfctr_llc mwaitx cpuid_fault cpb cat_l3 cdp_l3 hw_pstate ssbd mba perfmon_v2 ibrs ibpb stibp ibrs_enhanced vmmcall fsgsbase bmi1 avx2 smep bmi2 erms invpcid cqm rdt_a avx512f avx512dq rdseed adx smap avx512ifma clflushopt clwb avx512cd sha_ni avx512bw avx512vl xsaveopt xsavec xgetbv1 xsaves cqm_llc cqm_occup_llc cqm_mbm_total cqm_mbm_local user_shstk avx512_bf16 clzero irperf xsaveerptr rdpru wbnoinvd cppc arat npt lbrv svm_lock nrip_save tsc_scale vmcb_clean flushbyasid decodeassists pausefilter pfthreshold avic vgif x2avic v_spec_ctrl vnmi avx512vbmi umip pku ospke avx512_vbmi2 gfni vaes vpclmulqdq avx512_vnni avx512_bitalg avx512_vpopcntdq rdpid overflow_recov succor smca fsrm flush_l1d amd_lbr_pmc_freeze

Online cpus: 0-23
Offline cpus: 
BIOS frequency limitation: <Not Available>
Frequency switch latency (ns): 0
Available cpu frequencies: <Not Available>
Current governor: powersave
Core performance/turbo boost: 1

Memory: 4k page, physical 31960120k(4767224k free), swap 8388604k(1397824k free)
Page Sizes: 4k

vm_info: OpenJDK 64-Bit Server VM (25.0.4+1-b508.27) for linux-amd64 JRE (25.0.4+1-b508.27), built on 2026-07-30 with gcc 10.3.1 20210422 (Red Hat 10.3.1-1.2.0.1)

END.
